{"framework":"heresy-v0.26.1-non-keyed","keyed":false,"benchmark":"22_run-memory","type":"memory","min":3.7209205627441406,"max":3.7209205627441406,"mean":3.7209205627441406,"median":3.7209205627441406,"geometricMean":3.7209205627441406,"standardDeviation":null,"values":[3.7209205627441406]}