{"framework":"heresy-v0.26.1-keyed","keyed":true,"benchmark":"05_swap1k","type":"cpu","min":70.545,"max":105.113,"mean":93.60249999999999,"median":95.504,"geometricMean":92.96374729100427,"standardDeviation":11.105364281883478,"values":[83.522,88.56,91.778,70.545,99.23,101.729,105.113,88.683,103.057,103.808]}