{"framework":"heresy-v0.26.1-non-keyed","keyed":false,"benchmark":"31_startup-ci","type":"startup","min":2030.0749999999998,"max":2034.7649999999999,"mean":2032.9450000000002,"median":2033.4700000000003,"geometricMean":2032.9442551794298,"standardDeviation":2.008959100297207,"values":[2033.5300000000002,2033.41,2030.0749999999998,2034.7649999999999]}