{"framework":"heresy-v0.26.1-non-keyed","keyed":false,"benchmark":"22_run-memory","type":"memory","min":3.7374954223632812,"max":3.7375564575195312,"mean":3.7375198364257813,"median":3.7375259399414062,"geometricMean":3.7375198363560105,"standardDeviation":0.000025532837723818224,"values":[3.7375259399414062,3.7374954223632812,3.7375564575195312,3.7375259399414062,3.7374954223632812]}