{"framework":"heresy-v0.26.1-non-keyed","keyed":false,"benchmark":"23_update5-memory","type":"memory","min":4.0470428466796875,"max":4.0470428466796875,"mean":4.0470428466796875,"median":4.0470428466796875,"geometricMean":4.0470428466796875,"standardDeviation":null,"values":[4.0470428466796875]}