{"framework":"heresy-v0.26.1-keyed","keyed":true,"benchmark":"25_run-clear-memory","type":"memory","min":2.8333053588867188,"max":2.8333053588867188,"mean":2.8333053588867188,"median":2.8333053588867188,"geometricMean":2.8333053588867188,"standardDeviation":null,"values":[2.8333053588867188]}