{"framework":"heresy-v0.26.1-non-keyed","keyed":false,"benchmark":"01_run1k","type":"cpu","min":275.135,"max":318.908,"mean":300.24660000000006,"median":306.2285,"geometricMean":299.78264444930096,"standardDeviation":17.416508651276814,"values":[275.135,275.366,279.809,297.724,304.03,308.427,311.101,313.361,318.605,318.908]}