{"framework":"heresy-v0.26.1-non-keyed","keyed":false,"benchmark":"32_startup-bt","type":"startup","min":77.34800000000004,"max":100.00800000000004,"mean":90.20300000000003,"median":91.72800000000004,"geometricMean":89.75048939888167,"standardDeviation":10.293966323369562,"values":[86.63600000000004,96.82000000000004,77.34800000000004,100.00800000000004]}