{"framework":"heresy-v0.26.1-non-keyed","keyed":false,"benchmark":"24_run5-memory","type":"memory","min":3.8109397888183594,"max":3.8109397888183594,"mean":3.8109397888183594,"median":3.8109397888183594,"geometricMean":3.8109397888183594,"standardDeviation":null,"values":[3.8109397888183594]}