{"framework":"heresy-v0.26.1-non-keyed","keyed":false,"benchmark":"06_remove-one-1k","type":"cpu","min":85.165,"max":89.324,"mean":86.5107,"median":86.28999999999999,"geometricMean":86.5009382766026,"standardDeviation":1.3753731655243386,"values":[85.165,85.216,85.216,85.537,86.255,86.325,86.661,87.585,87.823,89.324]}