{"framework":"heresy-v0.26.1-keyed","keyed":true,"benchmark":"32_startup-bt","type":"startup","min":81.632,"max":95.292,"mean":86.54100000000001,"median":84.62,"geometricMean":86.3826100263244,"standardDeviation":6.14426160467364,"values":[86.23200000000003,83.00799999999998,81.632,95.292]}