{"framework":"heresy-v0.26.1-keyed","keyed":true,"benchmark":"34_startup-totalbytes","type":"startup","min":161.884765625,"max":161.884765625,"mean":161.884765625,"median":161.884765625,"geometricMean":161.884765625,"standardDeviation":0,"values":[161.884765625,161.884765625,161.884765625,161.884765625]}