{"framework":"heresy-v0.26.1-keyed","keyed":true,"benchmark":"05_swap1k","type":"cpu","min":96.409,"max":122.9,"mean":110.73680000000002,"median":111.142,"geometricMean":110.40463862501484,"standardDeviation":8.929577329800603,"values":[96.409,97.105,106.379,110.158,110.716,111.568,113.481,118.006,120.646,122.9]}