{"framework":"heresy-v0.26.1-keyed","keyed":true,"benchmark":"32_startup-bt","type":"startup","min":83.42800000000004,"max":101.13200000000006,"mean":94.60800000000005,"median":96.936,"geometricMean":94.36048552992295,"standardDeviation":7.7206376247906725,"values":[97.40000000000002,96.47200000000001,101.13200000000006,83.42800000000004]}