{"framework":"heresy-v0.26.1-non-keyed","keyed":false,"benchmark":"25_run-clear-memory","type":"memory","min":2.908916473388672,"max":2.908916473388672,"mean":2.908916473388672,"median":2.908916473388672,"geometricMean":2.908916473388672,"standardDeviation":null,"values":[2.908916473388672]}