{"framework":"heresy-v0.26.1-keyed","keyed":true,"benchmark":"02_replace1k","type":"cpu","min":263.786,"max":294.484,"mean":277.6363,"median":281.125,"geometricMean":277.4349045056828,"standardDeviation":11.133769233482628,"values":[263.786,264.889,266.438,266.824,279.483,282.767,285.243,286.052,286.397,294.484]}