{"framework":"heresy-v0.26.1-keyed","keyed":true,"benchmark":"06_remove-one-1k","type":"cpu","min":35.77,"max":39.196,"mean":36.9705,"median":36.614999999999995,"geometricMean":36.952311248015214,"standardDeviation":1.2348225468553045,"values":[37.045,35.77,36.093,35.897,36.657,39.196,36.151,36.573,37.257,39.066]}