{"framework":"heresy-v0.26.1-keyed","keyed":true,"benchmark":"05_swap1k","type":"cpu","min":85.507,"max":106.78,"mean":99.47650000000002,"median":99.73150000000001,"geometricMean":99.31033723146633,"standardDeviation":5.916234580466794,"values":[85.507,97.224,97.578,98.686,99.685,99.778,101.024,102.119,106.384,106.78]}