{"framework":"heresy-v0.26.1-non-keyed","keyed":false,"benchmark":"24_run5-memory","type":"memory","min":3.8110084533691406,"max":3.8110084533691406,"mean":3.8110084533691406,"median":3.8110084533691406,"geometricMean":3.8110084533691406,"standardDeviation":null,"values":[3.8110084533691406]}