{"framework":"heresy-v0.26.1-non-keyed","keyed":false,"benchmark":"03_update10th1k_x16","type":"cpu","min":297.615,"max":375.222,"mean":347.9097,"median":351.0155,"geometricMean":347.2358929797715,"standardDeviation":22.31090435464735,"values":[297.615,332.286,340.179,342.408,350.728,351.303,354.308,363.024,372.024,375.222]}