{"framework":"heresy-v0.26.1-keyed","keyed":true,"benchmark":"21_ready-memory","type":"memory","min":1.3432960510253906,"max":1.3432960510253906,"mean":1.3432960510253906,"median":1.3432960510253906,"geometricMean":1.3432960510253906,"standardDeviation":null,"values":[1.3432960510253906]}