{"framework":"heresy-v0.26.1-non-keyed","keyed":false,"benchmark":"02_replace1k","type":"cpu","min":87.065,"max":99.961,"mean":93.8069,"median":92.66300000000001,"geometricMean":93.70458564069416,"standardDeviation":4.6271739263231115,"values":[87.065,89.596,89.699,91.853,92.007,93.319,95.635,99.304,99.63,99.961]}