{"framework":"heresy-v0.26.1-non-keyed","keyed":false,"benchmark":"02_replace1k","type":"cpu","min":84.234,"max":93.402,"mean":88.96430000000001,"median":89.036,"geometricMean":88.91942000733474,"standardDeviation":2.9780360810440163,"values":[84.234,85.209,87.661,87.957,88.368,89.704,89.928,89.96,93.22,93.402]}