{"framework":"heresy-v0.26.1-non-keyed","keyed":false,"benchmark":"23_update5-memory","type":"memory","min":4.042064666748047,"max":4.042064666748047,"mean":4.042064666748047,"median":4.042064666748047,"geometricMean":4.042064666748047,"standardDeviation":null,"values":[4.042064666748047]}