{"framework":"heresy-v0.26.1-keyed","keyed":true,"benchmark":"23_update5-memory","type":"memory","min":4.113132476806641,"max":4.113975524902344,"mean":4.113468933105469,"median":4.113483428955078,"geometricMean":4.1134689229709185,"standardDeviation":0.00032283699795501925,"values":[4.113254547119141,4.113132476806641,4.113498687744141,4.113975524902344,4.113483428955078]}