{"framework":"heresy-v0.26.1-keyed","keyed":true,"benchmark":"02_replace1k","type":"cpu","min":262.474,"max":290.665,"mean":274.00969999999995,"median":270.263,"geometricMean":273.8762343297062,"standardDeviation":9.06351178014841,"values":[290.665,269.27,267.96,278.57,281.594,283.582,262.474,265.966,271.256,268.76]}