{"framework":"heresy-v0.26.1-keyed","keyed":true,"benchmark":"08_create1k-after1k_x2","type":"cpu","min":586.825,"max":642.035,"mean":613.115,"median":605.4825000000001,"geometricMean":612.7433886065919,"standardDeviation":22.560945961254948,"values":[586.825,592.079,592.158,595.663,605.022,605.943,634.831,636.02,640.574,642.035]}