{"framework":"heresy-v0.26.1-keyed","keyed":true,"benchmark":"07_create10k","type":"cpu","min":3006.278,"max":3614.664,"mean":3272.5726,"median":3252.1385,"geometricMean":3266.1646091581133,"standardDeviation":216.85886430948594,"values":[3006.278,3051.05,3074.812,3140.858,3144.805,3359.472,3361.786,3427.51,3544.491,3614.664]}