{"framework":"heresy-v0.26.1-non-keyed","keyed":false,"benchmark":"05_swap1k","type":"cpu","min":46.516,"max":58.979,"mean":54.0015,"median":53.945,"geometricMean":53.885216110582064,"standardDeviation":3.6870860294938717,"values":[46.516,51.658,52.211,52.358,53.311,54.579,54.836,57.66,57.907,58.979]}