{"framework":"heresy-v0.26.1-non-keyed","keyed":false,"benchmark":"07_create10k","type":"cpu","min":2526.58,"max":2725.005,"mean":2614.0399,"median":2601.4455,"geometricMean":2613.4758326796555,"standardDeviation":57.39580053056537,"values":[2663.736,2725.005,2603.637,2526.58,2563.119,2595.437,2639.503,2571.479,2652.649,2599.254]}