{"framework":"heresy-v0.26.1-non-keyed","keyed":false,"benchmark":"25_run-clear-memory","type":"memory","min":2.9148635864257812,"max":2.9148635864257812,"mean":2.9148635864257812,"median":2.9148635864257812,"geometricMean":2.9148635864257812,"standardDeviation":null,"values":[2.9148635864257812]}