{"framework":"heresy-v0.26.1-keyed","keyed":true,"benchmark":"24_run5-memory","type":"memory","min":4.5255584716796875,"max":4.686527252197266,"mean":4.590369415283203,"median":4.52667236328125,"geometricMean":4.58970145191476,"standardDeviation":0.08775296612483414,"values":[4.686466217041016,4.526622772216797,4.686527252197266,4.52667236328125,4.5255584716796875]}