{"framework":"heresy-v0.26.1-non-keyed","keyed":false,"benchmark":"05_swap1k","type":"cpu","min":39.554,"max":52.069,"mean":49.0865,"median":49.64,"geometricMean":48.955545648650855,"standardDeviation":3.585679332815161,"values":[39.554,48.553,48.68,48.928,49.155,50.125,50.993,51.316,51.492,52.069]}