{"framework":"heresy-v0.26.1-keyed","keyed":true,"benchmark":"32_startup-bt","type":"startup","min":91.70400000000002,"max":111.16000000000003,"mean":101.10000000000001,"median":100.768,"geometricMean":100.86600570656782,"standardDeviation":7.954871379643212,"values":[101.024,111.16000000000003,100.512,91.70400000000002]}