{"framework":"heresy-v0.26.1-non-keyed","keyed":false,"benchmark":"04_select1k","type":"cpu","min":3.894,"max":152.396,"mean":109.68290000000002,"median":121.125,"geometricMean":84.7441835103784,"standardDeviation":43.023317653079445,"values":[3.894,79.611,97.956,109.622,119.405,122.845,130.815,136.167,144.118,152.396]}