{"framework":"heresy-v0.26.1-non-keyed","keyed":false,"benchmark":"09_clear1k_x8","type":"cpu","min":161.617,"max":247.922,"mean":222.9891,"median":227.011,"geometricMean":221.67591896676043,"standardDeviation":23.74443551866416,"values":[161.617,214.834,223.678,224.38,226.92,227.102,227.578,230.275,245.585,247.922]}