{"framework":"heresy-v0.26.1-keyed","keyed":true,"benchmark":"06_remove-one-1k","type":"cpu","min":39.371,"max":43.247,"mean":41.172999999999995,"median":41.286500000000004,"geometricMean":41.15843720248551,"standardDeviation":1.1542007335525881,"values":[39.371,39.652,40.592,40.677,41.276,41.297,41.78,41.784,42.054,43.247]}