{"framework":"heresy-v0.26.1-keyed","keyed":true,"benchmark":"09_clear1k_x8","type":"cpu","min":266.022,"max":404.02,"mean":330.016,"median":327.35249999999996,"geometricMean":326.33325086003407,"standardDeviation":51.858345585728905,"values":[266.022,270.947,275.637,295.959,320.685,334.02,369.309,378.658,384.903,404.02]}