{"framework":"heresy-v0.26.1-non-keyed","keyed":false,"benchmark":"23_update5-memory","type":"memory","min":4.056865692138672,"max":4.061859130859375,"mean":4.0608161926269535,"median":4.0617828369140625,"geometricMean":4.06081571182314,"standardDeviation":0.0022087930587830562,"values":[4.061824798583984,4.061748504638672,4.061859130859375,4.0617828369140625,4.056865692138672]}