{"framework":"heresy-v0.26.1-keyed","keyed":true,"benchmark":"22_run-memory","type":"memory","min":3.770862579345703,"max":3.7715110778808594,"mean":3.771044158935547,"median":3.77093505859375,"geometricMean":3.771044151467859,"standardDeviation":0.00026534229110604916,"values":[3.77099609375,3.7715110778808594,3.77093505859375,3.770915985107422,3.770862579345703]}