{"framework":"heresy-v0.26.1-keyed","keyed":true,"benchmark":"34_startup-totalbytes","type":"startup","min":162.296875,"max":162.296875,"mean":162.296875,"median":162.296875,"geometricMean":162.296875,"standardDeviation":0,"values":[162.296875,162.296875,162.296875,162.296875]}