{"framework":"heresy-v0.26.1-non-keyed","keyed":false,"benchmark":"24_run5-memory","type":"memory","min":3.808673858642578,"max":3.8279190063476562,"mean":3.8126625061035155,"median":3.8088722229003906,"geometricMean":3.8126548888559633,"standardDeviation":0.008529366486362275,"values":[3.8088645935058594,3.8279190063476562,3.8088722229003906,3.808673858642578,3.8089828491210938]}