{"framework":"heresy-v0.26.1-non-keyed","keyed":false,"benchmark":"01_run1k","type":"cpu","min":258.785,"max":288.459,"mean":268.73310000000004,"median":265.8845,"geometricMean":268.58668647038763,"standardDeviation":9.434965188065085,"values":[258.785,259.027,262.692,262.704,263.729,268.04,272.79,273.202,277.903,288.459]}