{"framework":"heresy-v0.26.1-keyed","keyed":true,"benchmark":"04_select1k","type":"cpu","min":43.641,"max":213.356,"mean":124.6575,"median":118.0445,"geometricMean":116.6765289394774,"standardDeviation":43.81300049896402,"values":[43.641,103.01,106.463,111.322,113.859,122.23,124.351,152.972,155.371,213.356]}