{"framework":"heresy-v0.26.1-non-keyed","keyed":false,"benchmark":"03_update10th1k_x16","type":"cpu","min":200.296,"max":409.633,"mean":335.8256,"median":360.214,"geometricMean":328.0233198999295,"standardDeviation":69.60016175779415,"values":[378.578,364.909,200.296,322.974,334.294,355.519,384.426,409.633,381.728,225.899]}