{"framework":"heresy-v0.26.1-non-keyed","keyed":false,"benchmark":"06_remove-one-1k","type":"cpu","min":88.219,"max":93.675,"mean":91.13039999999998,"median":90.8,"geometricMean":91.11243197377782,"standardDeviation":1.906698962430445,"values":[88.219,88.727,90.137,90.337,90.646,90.954,92.061,93.11,93.438,93.675]}