{"framework":"heresy-v0.26.1-non-keyed","keyed":false,"benchmark":"34_startup-totalbytes","type":"startup","min":161.89453125,"max":161.89453125,"mean":161.89453125,"median":161.89453125,"geometricMean":161.89453125,"standardDeviation":0,"values":[161.89453125,161.89453125,161.89453125,161.89453125]}