{"framework":"heresy-v0.26.1-non-keyed","keyed":false,"benchmark":"04_select1k","type":"cpu","min":65.926,"max":122.641,"mean":94.6707,"median":102.7525,"geometricMean":92.44188133253859,"standardDeviation":21.204050399497838,"values":[65.926,72.409,72.723,74.456,101.621,103.884,103.909,110.01,119.128,122.641]}