{"framework":"heresy-v0.26.1-keyed","keyed":true,"benchmark":"09_clear1k_x8","type":"cpu","min":138.871,"max":243.013,"mean":214.5478,"median":221.411,"geometricMean":212.24660737699423,"standardDeviation":30.17974248767246,"values":[138.871,194.338,211.097,218,220.199,222.623,223.8,231.403,242.134,243.013]}