{"framework":"heresy-v0.26.1-keyed","keyed":true,"benchmark":"02_replace1k","type":"cpu","min":285.633,"max":329.675,"mean":312.44989999999996,"median":312.1915,"geometricMean":312.13915794936884,"standardDeviation":14.585099294599729,"values":[285.633,295.042,305.535,310.53,311.404,312.979,316.311,328.536,328.854,329.675]}