{"framework":"heresy-v0.26.1-keyed","keyed":true,"benchmark":"25_run-clear-memory","type":"memory","min":2.825817108154297,"max":2.8501548767089844,"mean":2.8307563781738283,"median":2.8258705139160156,"geometricMean":2.830739816232036,"standardDeviation":0.010844724218032495,"values":[2.8261070251464844,2.8258323669433594,2.8258705139160156,2.825817108154297,2.8501548767089844]}