{"framework":"heresy-v0.26.1-non-keyed","keyed":false,"benchmark":"08_create1k-after1k_x2","type":"cpu","min":516.337,"max":714.243,"mean":566.7029,"median":557.2574999999999,"geometricMean":564.3499475317013,"standardDeviation":57.26987050302572,"values":[575.817,591.006,529.829,516.337,714.243,565.648,518.011,541.623,556.587,557.928]}