{"framework":"heresy-v0.26.1-keyed","keyed":true,"benchmark":"01_run1k","type":"cpu","min":282.697,"max":325.728,"mean":306.50840000000005,"median":309.406,"geometricMean":306.21853987220885,"standardDeviation":13.954481129730341,"values":[282.697,287.292,298.436,302.008,308.778,310.034,312.349,317.534,320.228,325.728]}