{"framework":"heresy-v0.26.1-non-keyed","keyed":false,"benchmark":"08_create1k-after1k_x2","type":"cpu","min":536.537,"max":605.498,"mean":571.6461,"median":571.0550000000001,"geometricMean":571.2923405905365,"standardDeviation":21.175173883321218,"values":[536.537,550.339,555.3,562.264,570.521,571.589,585.646,586.129,592.638,605.498]}