{"framework":"heresy-v0.26.1-keyed","keyed":true,"benchmark":"21_ready-memory","type":"memory","min":1.3433113098144531,"max":1.3433113098144531,"mean":1.3433113098144531,"median":1.3433113098144531,"geometricMean":1.3433113098144531,"standardDeviation":null,"values":[1.3433113098144531]}