{"framework":"heresy-v0.26.1-non-keyed","keyed":false,"benchmark":"31_startup-ci","type":"startup","min":2007.6149999999998,"max":2016.8599999999997,"mean":2012.5099999999998,"median":2012.7824999999998,"geometricMean":2012.5073151276474,"standardDeviation":3.7953941385139904,"values":[2012.48,2016.8599999999997,2013.0849999999998,2007.6149999999998]}