{"framework":"heresy-v0.26.1-non-keyed","keyed":false,"benchmark":"09_clear1k_x8","type":"cpu","min":210.155,"max":350.883,"mean":273.4817,"median":274.09349999999995,"geometricMean":270.8298923077455,"standardDeviation":40.09326965145701,"values":[210.155,223.169,255.485,265.366,267.919,280.268,281.693,299.474,300.405,350.883]}