{"framework":"heresy-v0.26.1-keyed","keyed":true,"benchmark":"07_create10k","type":"cpu","min":2684.503,"max":3036.611,"mean":2859.8911,"median":2861.5575,"geometricMean":2857.53086432337,"standardDeviation":122.21415348791093,"values":[2804.317,2822.811,2900.304,3036.611,2927.534,2991.785,2689.942,2684.503,2957.895,2783.209]}