{"framework":"heresy-v0.26.1-keyed","keyed":true,"benchmark":"08_create1k-after1k_x2","type":"cpu","min":655.9,"max":773.065,"mean":727.7146999999999,"median":740.0715,"geometricMean":726.8697508539769,"standardDeviation":36.49321942818055,"values":[655.9,688.2,697.852,722.716,736.706,743.437,748.953,753.142,757.176,773.065]}