{"framework":"heresy-v0.26.1-keyed","keyed":true,"benchmark":"03_update10th1k_x16","type":"cpu","min":419.269,"max":783.017,"mean":610.9526,"median":625.988,"geometricMean":603.1598476230832,"standardDeviation":100.05889077849216,"values":[419.269,529.039,547.951,574.529,619.389,632.587,637.483,676.459,689.803,783.017]}