{"framework":"heresy-v0.26.1-keyed","keyed":true,"benchmark":"23_update5-memory","type":"memory","min":4.096832275390625,"max":4.096832275390625,"mean":4.096832275390625,"median":4.096832275390625,"geometricMean":4.096832275390625,"standardDeviation":null,"values":[4.096832275390625]}