{"framework":"heresy-v0.26.1-keyed","keyed":true,"benchmark":"31_startup-ci","type":"startup","min":2031.6150000000002,"max":2035.56,"mean":2033.28125,"median":2032.975,"geometricMean":2033.2806317781967,"standardDeviation":1.831021459003937,"values":[2031.6150000000002,2035.56,2032,2033.9499999999998]}