{"framework":"heresy-v0.26.1-keyed","keyed":true,"benchmark":"25_run-clear-memory","type":"memory","min":2.8421058654785156,"max":2.8421058654785156,"mean":2.8421058654785156,"median":2.8421058654785156,"geometricMean":2.8421058654785156,"standardDeviation":null,"values":[2.8421058654785156]}