{"framework":"heresy-v0.26.1-non-keyed","keyed":false,"benchmark":"05_swap1k","type":"cpu","min":43.86,"max":57.826,"mean":51.908100000000005,"median":52.422,"geometricMean":51.791304974097926,"standardDeviation":3.5953953097445814,"values":[50.121,43.86,57.826,52.058,51.483,54.254,50.139,53.276,53.278,52.786]}