{"framework":"heresy-v0.26.1-keyed","keyed":true,"benchmark":"22_run-memory","type":"memory","min":3.7542572021484375,"max":3.7542572021484375,"mean":3.7542572021484375,"median":3.7542572021484375,"geometricMean":3.7542572021484375,"standardDeviation":null,"values":[3.7542572021484375]}