{"framework":"heresy-v0.26.1-keyed","keyed":true,"benchmark":"31_startup-ci","type":"startup","min":2005.9600000000003,"max":2013.1099999999997,"mean":2010.4075,"median":2011.2800000000002,"geometricMean":2010.4056633721596,"standardDeviation":3.136745925317959,"values":[2011.9550000000002,2013.1099999999997,2010.6050000000002,2005.9600000000003]}