{"framework":"heresy-v0.26.1-keyed","keyed":true,"benchmark":"07_create10k","type":"cpu","min":2689.574,"max":3008.662,"mean":2833.8893,"median":2826.4314999999997,"geometricMean":2830.59310316468,"standardDeviation":144.11707812211412,"values":[2689.574,2693.552,2698.333,2700.382,2708.997,2943.866,2953.262,2966.299,2975.966,3008.662]}