{"framework":"heresy-v0.26.1-non-keyed","keyed":false,"benchmark":"21_ready-memory","type":"memory","min":1.3428115844726562,"max":1.3428115844726562,"mean":1.3428115844726562,"median":1.3428115844726562,"geometricMean":1.3428115844726562,"standardDeviation":null,"values":[1.3428115844726562]}