{"framework":"heresy-v0.26.1-keyed","keyed":true,"benchmark":"04_select1k","type":"cpu","min":86.567,"max":125.33,"mean":102.34290000000001,"median":102.314,"geometricMean":101.65994022460572,"standardDeviation":12.563413517476496,"values":[86.567,87.786,90.657,95.515,101.702,102.926,107.083,112.328,113.535,125.33]}