{"framework":"heresy-v0.26.1-non-keyed","keyed":false,"benchmark":"31_startup-ci","type":"startup","min":2006.9750000000001,"max":2012.6549999999997,"mean":2009.495,"median":2009.175,"geometricMean":2009.4939693003555,"standardDeviation":2.3505034921620305,"values":[2009.045,2009.3049999999998,2012.6549999999997,2006.9750000000001]}