{"framework":"heresy-v0.26.1-keyed","keyed":true,"benchmark":"06_remove-one-1k","type":"cpu","min":43.638,"max":50.315,"mean":46.02559999999999,"median":45.525,"geometricMean":45.99067668563403,"standardDeviation":1.9143832891502621,"values":[43.638,44.173,45.19,45.368,45.494,45.556,45.738,47.365,47.419,50.315]}