{"framework":"heresy-v0.26.1-non-keyed","keyed":false,"benchmark":"34_startup-totalbytes","type":"startup","min":162.306640625,"max":162.306640625,"mean":162.306640625,"median":162.306640625,"geometricMean":162.306640625,"standardDeviation":0,"values":[162.306640625,162.306640625,162.306640625,162.306640625]}