{"framework":"heresy-v0.26.1-non-keyed","keyed":false,"benchmark":"21_ready-memory","type":"memory","min":1.3427810668945312,"max":1.3427810668945312,"mean":1.3427810668945312,"median":1.3427810668945312,"geometricMean":1.3427810668945312,"standardDeviation":null,"values":[1.3427810668945312]}