{"framework":"heresy-v0.26.1-non-keyed","keyed":false,"benchmark":"07_create10k","type":"cpu","min":2875.326,"max":3091.053,"mean":2960.2107000000005,"median":2957.849,"geometricMean":2959.528180479847,"standardDeviation":67.23348179466335,"values":[2875.326,2887.989,2895.953,2935.959,2945.393,2970.305,2970.451,3010.969,3018.709,3091.053]}