{"framework":"heresy-v0.26.1-keyed","keyed":true,"benchmark":"31_startup-ci","type":"startup","min":2014.0500000000002,"max":2027.94,"mean":2018.54875,"median":2016.1024999999997,"geometricMean":2018.540933614834,"standardDeviation":6.49205716626098,"values":[2017.8399999999997,2014.3649999999998,2027.94,2014.0500000000002]}