{"framework":"heresy-v0.26.1-non-keyed","keyed":false,"benchmark":"07_create10k","type":"cpu","min":2680.222,"max":2804.259,"mean":2751.9790000000003,"median":2739.343,"geometricMean":2751.732385401815,"standardDeviation":38.79371868686413,"values":[2680.222,2727.311,2731.708,2733.468,2738.386,2740.3,2784.201,2784.745,2795.19,2804.259]}