{"framework":"heresy-v0.26.1-non-keyed","keyed":false,"benchmark":"25_run-clear-memory","type":"memory","min":2.8719444274902344,"max":2.902637481689453,"mean":2.882923126220703,"median":2.8724746704101562,"geometricMean":2.8828921618512933,"standardDeviation":0.014950217863853038,"values":[2.895488739013672,2.902637481689453,2.8720703125,2.8724746704101562,2.8719444274902344]}