{"framework":"heresy-v0.26.1-non-keyed","keyed":false,"benchmark":"32_startup-bt","type":"startup","min":84.27599999999998,"max":93.54800000000004,"mean":89.75000000000003,"median":90.58800000000005,"geometricMean":89.67469927123864,"standardDeviation":4.2171174989559175,"values":[92.53200000000004,84.27599999999998,93.54800000000004,88.64400000000005]}