{"framework":"heresy-v0.26.1-keyed","keyed":true,"benchmark":"03_update10th1k_x16","type":"cpu","min":329.988,"max":442.04,"mean":394.2857,"median":403.46799999999996,"geometricMean":392.2233301455233,"standardDeviation":41.75758302405817,"values":[329.988,334.725,357.155,380.359,399.467,407.469,427.726,431.598,432.33,442.04]}