{"framework":"heresy-v0.26.1-keyed","keyed":true,"benchmark":"21_ready-memory","type":"memory","min":1.3608818054199219,"max":1.3609352111816406,"mean":1.3609031677246093,"median":1.3608970642089844,"geometricMean":1.3609031675586571,"standardDeviation":0.00002376161423095312,"values":[1.3609352111816406,1.3609199523925781,1.3608818054199219,1.3608970642089844,1.3608818054199219]}