{"framework":"heresy-v0.26.1-non-keyed","keyed":false,"benchmark":"03_update10th1k_x16","type":"cpu","min":330.471,"max":440.238,"mean":398.89150000000006,"median":411.4875,"geometricMean":397.07127364122755,"standardDeviation":38.96895755241885,"values":[330.471,334.422,386.329,392.58,404.166,418.809,421.805,426.085,434.01,440.238]}