{"framework":"heresy-v0.26.1-non-keyed","keyed":false,"benchmark":"21_ready-memory","type":"memory","min":1.3603973388671875,"max":1.3604507446289062,"mean":1.3604202270507812,"median":1.3604202270507812,"geometricMean":1.360420226939537,"standardDeviation":0.000019451215795870913,"values":[1.36041259765625,1.3604202270507812,1.3604202270507812,1.3603973388671875,1.3604507446289062]}