{"framework":"heresy-v0.26.1-keyed","keyed":true,"benchmark":"01_run1k","type":"cpu","min":301.488,"max":371.256,"mean":332.25679999999994,"median":329.975,"geometricMean":331.6971044273639,"standardDeviation":20.443891344088303,"values":[301.488,309.83,322.678,323.466,327.692,332.258,334.922,349.281,349.697,371.256]}