{"framework":"heresy-v0.26.1-non-keyed","keyed":false,"benchmark":"08_create1k-after1k_x2","type":"cpu","min":588.025,"max":655.455,"mean":623.8494,"median":627.226,"geometricMean":623.2771515182753,"standardDeviation":28.1071560528236,"values":[588.025,590.759,594.077,604.098,615.499,638.953,647.404,650.365,653.859,655.455]}