{"framework":"kirei-html-v1.1.3-non-keyed","keyed":false,"benchmark":"21_ready-memory","type":"memory","min":1.1054916381835938,"max":1.1054916381835938,"mean":1.1054916381835938,"median":1.1054916381835938,"geometricMean":1.1054916381835938,"standardDeviation":null,"values":[1.1054916381835938]}