{"framework":"kirei-v1.1.3-keyed","keyed":true,"benchmark":"22_run-memory","type":"memory","min":3.5449600219726562,"max":3.5538177490234375,"mean":3.548468017578125,"median":3.5474090576171875,"geometricMean":3.5484667724868877,"standardDeviation":0.003324215493595644,"values":[3.5538177490234375,3.5471153259277344,3.5490379333496094,3.5474090576171875,3.5449600219726562]}