{"framework":"kirei-html-v1.1.3-non-keyed","keyed":false,"benchmark":"22_run-memory","type":"memory","min":2.2193984985351562,"max":2.2193984985351562,"mean":2.2193984985351562,"median":2.2193984985351562,"geometricMean":2.2193984985351562,"standardDeviation":null,"values":[2.2193984985351562]}