{"framework":"kirei-v1.1.3-keyed","keyed":true,"benchmark":"05_swap1k","type":"cpu","min":118.329,"max":131.887,"mean":123.62219999999999,"median":121.83500000000001,"geometricMean":123.544820410722,"standardDeviation":4.64573242162453,"values":[118.329,118.918,120.91,121.084,121.18,122.49,124.23,127.035,130.159,131.887]}