{"framework":"kirei-v1.1.3-non-keyed","keyed":false,"benchmark":"25_run-clear-memory","type":"memory","min":2.7986717224121094,"max":2.7999610900878906,"mean":2.7993438720703123,"median":2.7995262145996094,"geometricMean":2.7993438359656917,"standardDeviation":0.000502660734982532,"values":[2.799541473388672,2.7995262145996094,2.7990188598632812,2.7986717224121094,2.7999610900878906]}