{"framework":"kirei-html-v1.1.3-keyed","keyed":true,"benchmark":"23_update5-memory","type":"memory","min":2.6732406616210938,"max":2.6732406616210938,"mean":2.6732406616210938,"median":2.6732406616210938,"geometricMean":2.6732406616210938,"standardDeviation":null,"values":[2.6732406616210938]}