{"framework":"kirei-v1.1.3-keyed","keyed":true,"benchmark":"34_startup-totalbytes","type":"startup","min":170.6865234375,"max":170.6865234375,"mean":170.6865234375,"median":170.6865234375,"geometricMean":170.6865234375,"standardDeviation":0,"values":[170.6865234375,170.6865234375,170.6865234375,170.6865234375]}