{"framework":"kirei-html-v1.1.3-non-keyed","keyed":false,"benchmark":"25_run-clear-memory","type":"memory","min":2.3627243041992188,"max":2.365631103515625,"mean":2.3642959594726562,"median":2.3646926879882812,"geometricMean":2.3642957241210314,"standardDeviation":0.0011793986590171775,"values":[2.3634605407714844,2.3627243041992188,2.365631103515625,2.3646926879882812,2.364971160888672]}