{"framework":"kirei-v1.1.3-keyed","keyed":true,"benchmark":"24_run5-memory","type":"memory","min":4.278530120849609,"max":4.596523284912109,"mean":4.466029357910156,"median":4.5876312255859375,"geometricMean":4.463378895388397,"standardDeviation":0.17119628764780556,"values":[4.278530120849609,4.278530120849609,4.588932037353516,4.5876312255859375,4.596523284912109]}