{"framework":"kirei-html-v1.1.3-non-keyed","keyed":false,"benchmark":"22_run-memory","type":"memory","min":2.2345619201660156,"max":2.2348861694335938,"mean":2.234741973876953,"median":2.2347755432128906,"geometricMean":2.234741971171445,"standardDeviation":0.00012294337862489647,"values":[2.2347755432128906,2.2347984313964844,2.2348861694335938,2.2346878051757812,2.2345619201660156]}