{"framework":"kirei-v1.1.3-non-keyed","keyed":false,"benchmark":"07_create10k","type":"cpu","min":1807.173,"max":2103.651,"mean":1951.9028999999998,"median":1922.0425,"geometricMean":1949.887951541216,"standardDeviation":93.75496082098506,"values":[1897.622,1890.25,2068.063,1880.407,1909.769,2016.559,1807.173,1934.316,2011.219,2103.651]}