{"framework":"kirei-v1.1.3-keyed","keyed":true,"benchmark":"24_run5-memory","type":"memory","min":4.534832000732422,"max":4.534832000732422,"mean":4.534832000732422,"median":4.534832000732422,"geometricMean":4.534832000732422,"standardDeviation":null,"values":[4.534832000732422]}