{"framework":"kirei-v1.1.3-non-keyed","keyed":false,"benchmark":"03_update10th1k_x16","type":"cpu","min":292.585,"max":361.584,"mean":333.62929999999994,"median":341.7185,"geometricMean":332.8570677190186,"standardDeviation":23.405955277568907,"values":[361.584,341.705,292.585,323.553,336.779,294.009,341.732,344.594,348.423,351.329]}