{"framework":"kirei-v1.1.3-non-keyed","keyed":false,"benchmark":"04_select1k","type":"cpu","min":76.093,"max":113.398,"mean":84.34349999999999,"median":81.0355,"geometricMean":83.79584533702673,"standardDeviation":10.904053815490416,"values":[80.203,84.168,113.398,88.581,81.868,79.667,76.093,84.518,77.776,77.163]}