{"framework":"kirei-html-v1.1.3-keyed","keyed":true,"benchmark":"08_create1k-after1k_x2","type":"cpu","min":352.352,"max":397.942,"mean":379.15759999999995,"median":384.594,"geometricMean":378.8843016042315,"standardDeviation":15.067083365919085,"values":[385.881,387.957,366.79,397.942,394.372,383.307,352.352,388.394,373.635,360.946]}