{"framework":"kirei-v1.1.3-non-keyed","keyed":false,"benchmark":"01_run1k","type":"cpu","min":221.704,"max":252.256,"mean":235.95780000000005,"median":234.958,"geometricMean":235.68291291839574,"standardDeviation":12.038570511300563,"values":[221.704,223.012,224.721,227.745,229.782,240.134,240.325,247.944,251.955,252.256]}