{"framework":"kirei-v1.1.3-non-keyed","keyed":false,"benchmark":"06_remove-one-1k","type":"cpu","min":64.965,"max":67.884,"mean":66.81530000000001,"median":67.161,"geometricMean":66.80738328619879,"standardDeviation":1.0805506877925188,"values":[65.382,67.45,67.234,67.872,65.726,64.965,67.088,66.772,67.78,67.884]}