{"framework":"kirei-html-v1.1.3-non-keyed","keyed":false,"benchmark":"31_startup-ci","type":"startup","min":1958.92,"max":1962.9050000000002,"mean":1960.7362500000002,"median":1960.56,"geometricMean":1960.735473369871,"standardDeviation":2.0151773081625346,"values":[1961.995,1962.9050000000002,1958.92,1959.1250000000002]}