{"framework":"kirei-html-v1.1.3-keyed","keyed":true,"benchmark":"04_select1k","type":"cpu","min":2.996,"max":65.174,"mean":53.9342,"median":60.1555,"geometricMean":44.053946958207646,"standardDeviation":18.540199434382217,"values":[50.88,2.996,63.581,60.722,59.81,51.794,64.557,60.501,65.174,59.327]}