{"framework":"kirei-html-v1.1.3-keyed","keyed":true,"benchmark":"09_clear1k_x8","type":"cpu","min":153.285,"max":234.76,"mean":218.37849999999997,"median":228.2265,"geometricMean":216.76694676985485,"standardDeviation":25.744436625544296,"values":[153.285,193.427,224.079,226.932,227.951,228.502,229.04,232.057,233.752,234.76]}