{"framework":"kirei-v1.1.3-non-keyed","keyed":false,"benchmark":"09_clear1k_x8","type":"cpu","min":233.312,"max":270.098,"mean":257.1832,"median":260.0955,"geometricMean":256.97369689344026,"standardDeviation":10.787738850709681,"values":[233.312,248.937,250.937,254.64,259.664,260.527,261.296,266.08,266.341,270.098]}