{"framework":"kirei-html-v1.1.3-keyed","keyed":true,"benchmark":"01_run1k","type":"cpu","min":171.213,"max":214.9,"mean":191.69400000000002,"median":192.5915,"geometricMean":191.15112795637287,"standardDeviation":15.233908814804487,"values":[212.111,214.9,192.388,192.795,198.193,177.899,200.695,173.701,171.213,183.045]}