{"framework":"kirei-v1.1.3-non-keyed","keyed":false,"benchmark":"08_create1k-after1k_x2","type":"cpu","min":399.011,"max":472.632,"mean":432.20290000000006,"median":431.1855,"geometricMean":431.6180213344434,"standardDeviation":23.735744579992993,"values":[447.19,415.929,399.011,454.601,433.791,428.58,472.632,402.638,448.797,418.86]}