{"framework":"kirei-html-v1.1.3-keyed","keyed":true,"benchmark":"07_create10k","type":"cpu","min":1835.359,"max":1887.517,"mean":1856.8332999999998,"median":1854.8735,"geometricMean":1856.7729567795475,"standardDeviation":15.808225636955253,"values":[1835.359,1838.76,1852.092,1852.966,1854.31,1855.437,1855.919,1857.393,1878.58,1887.517]}