{"framework":"kirei-html-v1.1.3-non-keyed","keyed":false,"benchmark":"03_update10th1k_x16","type":"cpu","min":195.888,"max":359.978,"mean":320.9801,"median":345.8855,"geometricMean":315.73406391129987,"standardDeviation":55.30930281496756,"values":[195.888,246.745,320.638,329.934,342.563,349.208,350.079,354.915,359.853,359.978]}