{"framework":"kirei-html-v1.1.3-keyed","keyed":true,"benchmark":"22_run-memory","type":"memory","min":2.3382911682128906,"max":2.3404541015625,"mean":2.3388137817382812,"median":2.338397979736328,"geometricMean":2.3388136366930388,"standardDeviation":0.0009210736440772733,"values":[2.338390350341797,2.3385353088378906,2.3404541015625,2.3382911682128906,2.338397979736328]}