{"framework":"kirei-html-v1.1.3-keyed","keyed":true,"benchmark":"06_remove-one-1k","type":"cpu","min":41.951,"max":44.465,"mean":42.9422,"median":42.714,"geometricMean":42.936206128659876,"standardDeviation":0.7589218668611418,"values":[41.951,42.283,42.319,42.587,42.69,42.738,43.392,43.441,43.556,44.465]}