{"framework":"kirei-html-v1.1.3-non-keyed","keyed":false,"benchmark":"02_replace1k","type":"cpu","min":67.052,"max":71.184,"mean":68.9032,"median":69.0805,"geometricMean":68.89079112973886,"standardDeviation":1.3790802732256005,"values":[67.052,67.249,67.789,67.944,68.552,69.609,69.743,69.796,70.114,71.184]}