{"framework":"kirei-v1.1.3-non-keyed","keyed":false,"benchmark":"21_ready-memory","type":"memory","min":1.1155319213867188,"max":1.1155853271484375,"mean":1.1155654907226562,"median":1.115570068359375,"geometricMean":1.1155654905807313,"standardDeviation":0.000019895026871345974,"values":[1.1155853271484375,1.115570068359375,1.1155319213867188,1.115570068359375,1.115570068359375]}