{"framework":"kirei-v1.1.3-keyed","keyed":true,"benchmark":"34_startup-totalbytes","type":"startup","min":167.3076171875,"max":167.3076171875,"mean":167.3076171875,"median":167.3076171875,"geometricMean":167.3076171875,"standardDeviation":0,"values":[167.3076171875,167.3076171875,167.3076171875,167.3076171875]}