{"framework":"kirei-v1.1.3-keyed","keyed":true,"benchmark":"03_update10th1k_x16","type":"cpu","min":420.443,"max":509.608,"mean":467.0201,"median":470.4465,"geometricMean":466.38576949611337,"standardDeviation":25.483623933158857,"values":[420.443,434.621,459.074,463.922,470.318,470.575,473.108,477.796,490.736,509.608]}