{"framework":"kirei-v1.1.3-non-keyed","keyed":false,"benchmark":"02_replace1k","type":"cpu","min":63.049,"max":79.377,"mean":68.8596,"median":67.6365,"geometricMean":68.68618412368795,"standardDeviation":5.2615851477161,"values":[76.327,68.152,63.049,67.2,70.642,65.889,63.832,68.073,79.377,66.055]}