{"framework":"kirei-html-v1.1.3-keyed","keyed":true,"benchmark":"25_run-clear-memory","type":"memory","min":2.4061546325683594,"max":2.424701690673828,"mean":2.4209800720214845,"median":2.4246864318847656,"geometricMean":2.4209686887260267,"standardDeviation":0.008287679626773278,"values":[2.424671173095703,2.4246864318847656,2.4061546325683594,2.424701690673828,2.4246864318847656]}