{"framework":"kirei-html-v1.1.3-non-keyed","keyed":false,"benchmark":"03_update10th1k_x16","type":"cpu","min":244.401,"max":322.431,"mean":300.51719999999995,"median":305.5425,"geometricMean":299.70533880253697,"standardDeviation":22.270197842757376,"values":[285.965,309.805,319.343,244.401,307.067,322.431,297.67,303.466,311.006,304.018]}