{"framework":"kirei-html-v1.1.3-keyed","keyed":true,"benchmark":"05_swap1k","type":"cpu","min":43.13,"max":93.144,"mean":85.3661,"median":89.31049999999999,"geometricMean":83.64652154688594,"standardDeviation":14.985145010605967,"values":[92.224,89.186,89.348,92.462,89.632,86.041,89.221,89.273,93.144,43.13]}