{"framework":"kirei-html-v1.1.3-non-keyed","keyed":false,"benchmark":"08_create1k-after1k_x2","type":"cpu","min":338.924,"max":418.755,"mean":369.20480000000003,"median":363.7075,"geometricMean":368.48677875138355,"standardDeviation":24.62335107079366,"values":[418.755,390.425,367.718,361.944,365.471,346.932,349.896,393.376,358.607,338.924]}