{"framework":"kirei-html-v1.1.3-keyed","keyed":true,"benchmark":"03_update10th1k_x16","type":"cpu","min":192.103,"max":337.841,"mean":294.7217,"median":299.8025,"geometricMean":291.7832788415021,"standardDeviation":39.922109006998454,"values":[306.747,330.22,290.868,296.121,293.514,312.834,303.484,337.841,192.103,283.485]}