{"framework":"kirei-html-v1.1.3-keyed","keyed":true,"benchmark":"21_ready-memory","type":"memory","min":1.1209182739257812,"max":1.1209869384765625,"mean":1.1209625244140624,"median":1.1209640502929688,"geometricMean":1.1209625241295023,"standardDeviation":0.000028239067876162334,"values":[1.1209869384765625,1.1209182739257812,1.1209869384765625,1.1209640502929688,1.1209564208984375]}