{"framework":"kirei-html-v1.1.3-non-keyed","keyed":false,"benchmark":"24_run5-memory","type":"memory","min":2.3700904846191406,"max":2.370403289794922,"mean":2.3702301025390624,"median":2.370227813720703,"geometricMean":2.3702300998087464,"standardDeviation":0.00012719598795126467,"values":[2.3700904846191406,2.37030029296875,2.370227813720703,2.370128631591797,2.370403289794922]}