{"framework":"kirei-html-v1.1.3-non-keyed","keyed":false,"benchmark":"09_clear1k_x8","type":"cpu","min":163.446,"max":241.105,"mean":212.63269999999997,"median":215.55849999999998,"geometricMean":211.60570162996964,"standardDeviation":21.09136817673682,"values":[163.446,198.082,208.053,209.927,213.179,217.938,219.8,224.422,230.375,241.105]}