{"framework":"kirei-v1.1.3-keyed","keyed":true,"benchmark":"22_run-memory","type":"memory","min":3.476970672607422,"max":3.476970672607422,"mean":3.476970672607422,"median":3.476970672607422,"geometricMean":3.476970672607422,"standardDeviation":null,"values":[3.476970672607422]}