{"framework":"kirei-v1.1.3-keyed","keyed":true,"benchmark":"07_create10k","type":"cpu","min":2043.615,"max":2253.664,"mean":2138.4326,"median":2136.2704999999996,"geometricMean":2137.3628572669586,"standardDeviation":71.39059575975907,"values":[2043.615,2053.925,2085.096,2085.507,2134.859,2137.682,2176.546,2203.381,2210.051,2253.664]}