{"framework":"kirei-v1.1.3-non-keyed","keyed":false,"benchmark":"31_startup-ci","type":"startup","min":2146.295,"max":2176.835,"mean":2157.04125,"median":2152.5175,"geometricMean":2157.0084118217596,"standardDeviation":13.766182825436168,"values":[2176.835,2149.33,2155.705,2146.295]}