{"framework":"kirei-v1.1.3-non-keyed","keyed":false,"benchmark":"32_startup-bt","type":"startup","min":25.395999999999983,"max":35.367999999999995,"mean":30.89799999999999,"median":31.413999999999994,"geometricMean":30.62021434774635,"standardDeviation":4.726888194150569,"values":[25.395999999999983,28.563999999999997,34.26399999999999,35.367999999999995]}