{"framework":"kirei-v1.1.3-non-keyed","keyed":false,"benchmark":"34_startup-totalbytes","type":"startup","min":170.68359375,"max":170.68359375,"mean":170.68359375,"median":170.68359375,"geometricMean":170.68359375,"standardDeviation":0,"values":[170.68359375,170.68359375,170.68359375,170.68359375]}