{"framework":"kirei-v1.1.3-non-keyed","keyed":false,"benchmark":"07_create10k","type":"cpu","min":2090.302,"max":2394.676,"mean":2303.6507,"median":2343.38,"geometricMean":2301.7252815635957,"standardDeviation":97.51685287858933,"values":[2090.302,2179.687,2265.523,2327.853,2332.815,2353.945,2356.451,2364.305,2370.95,2394.676]}