{"framework":"kirei-v1.1.3-keyed","keyed":true,"benchmark":"21_ready-memory","type":"memory","min":1.181396484375,"max":1.181396484375,"mean":1.181396484375,"median":1.181396484375,"geometricMean":1.181396484375,"standardDeviation":null,"values":[1.181396484375]}