{"framework":"kirei-v1.1.3-non-keyed","keyed":false,"benchmark":"05_swap1k","type":"cpu","min":59.116,"max":63.557,"mean":60.78000000000001,"median":60.572500000000005,"geometricMean":60.7676263330331,"standardDeviation":1.2987739517628842,"values":[63.557,61.744,59.116,59.17,60.392,61.059,61.444,60.753,60.198,60.367]}