{"framework":"kirei-v1.1.3-keyed","keyed":true,"benchmark":"08_create1k-after1k_x2","type":"cpu","min":481.879,"max":570.637,"mean":523.0527999999999,"median":528.6765,"geometricMean":522.3589495479329,"standardDeviation":28.41239335532606,"values":[481.879,494.718,498.24,499.548,525.986,531.367,535.098,544.304,548.751,570.637]}