{"framework":"kirei-v1.1.3-keyed","keyed":true,"benchmark":"09_clear1k_x8","type":"cpu","min":185.99,"max":238.219,"mean":211.4312,"median":213.611,"geometricMean":210.9702755670422,"standardDeviation":14.6150929734375,"values":[216.385,185.99,238.219,213.238,211.122,213.984,190.867,208.623,215.993,219.891]}