{"framework":"kirei-html-v1.1.3-keyed","keyed":true,"benchmark":"02_replace1k","type":"cpu","min":185.428,"max":195.855,"mean":189.6353,"median":188.497,"geometricMean":189.5934390138712,"standardDeviation":4.2132521629839434,"values":[185.428,185.439,185.848,186.191,188.096,188.898,191.032,193.861,195.705,195.855]}