{"framework":"kirei-v1.1.3-keyed","keyed":true,"benchmark":"06_remove-one-1k","type":"cpu","min":48.549,"max":53.082,"mean":51.2192,"median":51.107,"geometricMean":51.20140896105993,"standardDeviation":1.4187823261123915,"values":[48.549,49.999,50.399,50.782,50.809,51.405,51.693,52.483,52.991,53.082]}