{"framework":"kirei-v1.1.3-keyed","keyed":true,"benchmark":"31_startup-ci","type":"startup","min":2183.315,"max":2189.535,"mean":2187.03,"median":2187.635,"geometricMean":2187.028722615645,"standardDeviation":2.728830640891161,"values":[2183.315,2188.51,2186.76,2189.535]}