{"framework":"kirei-html-v1.1.3-non-keyed","keyed":false,"benchmark":"31_startup-ci","type":"startup","min":1962.69,"max":1984.46,"mean":1976.1825,"median":1978.79,"geometricMean":1976.1652488865248,"standardDeviation":9.52405244630663,"values":[1962.69,1976.795,1984.46,1980.7849999999999]}