{"framework":"kirei-html-v1.1.3-keyed","keyed":true,"benchmark":"22_run-memory","type":"memory","min":2.333995819091797,"max":2.333995819091797,"mean":2.333995819091797,"median":2.333995819091797,"geometricMean":2.333995819091797,"standardDeviation":null,"values":[2.333995819091797]}