{"framework":"kirei-html-v1.1.3-non-keyed","keyed":false,"benchmark":"02_replace1k","type":"cpu","min":57.753,"max":62.073,"mean":59.624,"median":59.412,"geometricMean":59.607683953487275,"standardDeviation":1.4753346136460777,"values":[57.753,60.076,58.511,62.073,58.972,61.707,60.513,58.348,58.435,59.852]}