{"framework":"kirei-html-v1.1.3-non-keyed","keyed":false,"benchmark":"32_startup-bt","type":"startup","min":16,"max":19.796,"mean":17.204,"median":16.509999999999998,"geometricMean":17.13737269095824,"standardDeviation":1.793651025143966,"values":[16,17.02,19.796,16]}