{"framework":"kirei-v1.1.3-keyed","keyed":true,"benchmark":"02_replace1k","type":"cpu","min":208.157,"max":234.532,"mean":219.22259999999997,"median":217.4735,"geometricMean":219.04997938339898,"standardDeviation":9.220932420916615,"values":[208.157,208.972,212.868,213.236,215.154,219.793,223.231,223.954,232.329,234.532]}