{"framework":"kirei-v1.1.3-keyed","keyed":true,"benchmark":"04_select1k","type":"cpu","min":34.071,"max":120.248,"mean":100.60929999999999,"median":107.157,"geometricMean":96.0711224245905,"standardDeviation":24.293317330080715,"values":[95.905,100.836,120.248,111.014,107.25,34.071,105.993,107.064,111.468,112.244]}