{"framework":"kirei-html-v1.1.3-non-keyed","keyed":false,"benchmark":"05_swap1k","type":"cpu","min":52.019,"max":57.834,"mean":56.30229999999999,"median":56.873000000000005,"geometricMean":56.27492483382275,"standardDeviation":1.820857310292173,"values":[52.019,54.215,56.27,56.645,56.868,56.878,57.088,57.505,57.701,57.834]}