{"framework":"kirei-html-v1.1.3-non-keyed","keyed":false,"benchmark":"23_update5-memory","type":"memory","min":2.5828285217285156,"max":2.5828285217285156,"mean":2.5828285217285156,"median":2.5828285217285156,"geometricMean":2.5828285217285156,"standardDeviation":null,"values":[2.5828285217285156]}