{"framework":"kirei-html-v1.1.3-keyed","keyed":true,"benchmark":"34_startup-totalbytes","type":"startup","min":147.7265625,"max":147.7265625,"mean":147.7265625,"median":147.7265625,"geometricMean":147.7265625,"standardDeviation":0,"values":[147.7265625,147.7265625,147.7265625,147.7265625]}