{"framework":"kirei-v1.1.3-non-keyed","keyed":false,"benchmark":"21_ready-memory","type":"memory","min":1.1813468933105469,"max":1.1813468933105469,"mean":1.1813468933105469,"median":1.1813468933105469,"geometricMean":1.1813468933105469,"standardDeviation":null,"values":[1.1813468933105469]}