{"framework":"kirei-html-v1.1.3-non-keyed","keyed":false,"benchmark":"23_update5-memory","type":"memory","min":2.598674774169922,"max":2.5989761352539062,"mean":2.598779296875,"median":2.5987777709960938,"geometricMean":2.5987792946300967,"standardDeviation":0.00012076996577540333,"values":[2.5986862182617188,2.5987777709960938,2.598674774169922,2.5989761352539062,2.5987815856933594]}