{"framework":"kirei-html-v1.1.3-non-keyed","keyed":false,"benchmark":"01_run1k","type":"cpu","min":183.268,"max":208.715,"mean":201.8056,"median":202.972,"geometricMean":201.67515275986656,"standardDeviation":7.505776341517839,"values":[183.268,198.54,199.574,200.976,202.781,203.163,203.833,208.574,208.632,208.715]}