{"framework":"kirei-v1.1.3-non-keyed","keyed":false,"benchmark":"23_update5-memory","type":"memory","min":3.723724365234375,"max":3.723724365234375,"mean":3.723724365234375,"median":3.723724365234375,"geometricMean":3.723724365234375,"standardDeviation":null,"values":[3.723724365234375]}