{"framework":"kirei-html-v1.1.3-keyed","keyed":true,"benchmark":"08_create1k-after1k_x2","type":"cpu","min":394.11,"max":450.155,"mean":421.9345,"median":424.1335,"geometricMean":421.5719134692358,"standardDeviation":18.37678174732694,"values":[394.11,394.819,412.275,415.798,424.003,424.264,426.258,437.581,440.082,450.155]}