{"framework":"kirei-v1.1.3-non-keyed","keyed":false,"benchmark":"05_swap1k","type":"cpu","min":69.209,"max":93.546,"mean":78.17330000000001,"median":75.2555,"geometricMean":77.7536378417062,"standardDeviation":8.70833293205741,"values":[69.209,69.508,70.858,73.285,73.86,76.651,79.664,84.99,90.162,93.546]}