{"framework":"kirei-v1.1.3-non-keyed","keyed":false,"benchmark":"22_run-memory","type":"memory","min":3.458984375,"max":3.470134735107422,"mean":3.4647781372070314,"median":3.4649314880371094,"geometricMean":3.46477623232223,"standardDeviation":0.004061786039823726,"values":[3.470134735107422,3.4662742614746094,3.4649314880371094,3.458984375,3.4635658264160156]}