{"framework":"kirei-html-v1.1.3-non-keyed","keyed":false,"benchmark":"25_run-clear-memory","type":"memory","min":2.3491058349609375,"max":2.3491058349609375,"mean":2.3491058349609375,"median":2.3491058349609375,"geometricMean":2.3491058349609375,"standardDeviation":null,"values":[2.3491058349609375]}