{"framework":"kirei-v1.1.3-keyed","keyed":true,"benchmark":"25_run-clear-memory","type":"memory","min":2.8308486938476562,"max":2.8482208251953125,"mean":2.842133331298828,"median":2.8438720703125,"geometricMean":2.8421272201953536,"standardDeviation":0.006584153335573777,"values":[2.8482208251953125,2.8308486938476562,2.843852996826172,2.8438720703125,2.8438720703125]}