{"framework":"kirei-html-v1.1.3-keyed","keyed":true,"benchmark":"25_run-clear-memory","type":"memory","min":2.3900794982910156,"max":2.3900794982910156,"mean":2.3900794982910156,"median":2.3900794982910156,"geometricMean":2.3900794982910156,"standardDeviation":null,"values":[2.3900794982910156]}