{"framework":"kirei-v1.1.3-keyed","keyed":true,"benchmark":"31_startup-ci","type":"startup","min":2144.875,"max":2167.6449999999995,"mean":2153.14625,"median":2150.0325000000003,"geometricMean":2153.1259721366796,"standardDeviation":10.79946478226252,"values":[2144.94,2167.6449999999995,2144.875,2155.125]}