{"framework":"kirei-v1.1.3-non-keyed","keyed":false,"benchmark":"24_run5-memory","type":"memory","min":3.6539039611816406,"max":3.6569480895996094,"mean":3.6550621032714843,"median":3.654266357421875,"geometricMean":3.6550618775811006,"standardDeviation":0.0014361425829463857,"values":[3.656261444091797,3.6539306640625,3.6539039611816406,3.654266357421875,3.6569480895996094]}