{"framework":"kirei-v1.1.3-keyed","keyed":true,"benchmark":"04_select1k","type":"cpu","min":139.571,"max":334.465,"mean":283.519,"median":307.485,"geometricMean":276.2542625022834,"standardDeviation":58.291212455700006,"values":[139.571,240.837,269.333,275.964,304.189,310.781,318.108,318.519,323.423,334.465]}