{"framework":"kirei-v1.1.3-non-keyed","keyed":false,"benchmark":"03_update10th1k_x16","type":"cpu","min":323.237,"max":430.982,"mean":397.78380000000004,"median":413.41949999999997,"geometricMean":396.3312331662231,"standardDeviation":34.61054518752598,"values":[323.237,357.181,384.47,390.148,410.506,416.333,418.84,420.904,425.237,430.982]}