{"framework":"kirei-v1.1.3-keyed","keyed":true,"benchmark":"07_create10k","type":"cpu","min":1922.251,"max":2185.774,"mean":2050.6031,"median":2058.8379999999997,"geometricMean":2048.0697419003723,"standardDeviation":107.43237425412221,"values":[1935.177,1922.251,2017.406,2142.299,1949.445,2122.944,2185.774,1947.047,2100.27,2183.418]}