{"framework":"kirei-v1.1.3-non-keyed","keyed":false,"benchmark":"08_create1k-after1k_x2","type":"cpu","min":433.444,"max":524.753,"mean":485.4895,"median":484.461,"geometricMean":484.6556667311713,"standardDeviation":29.79681201161552,"values":[433.444,452.538,469.074,472.926,477.131,491.791,501.518,513.035,518.685,524.753]}