{"framework":"kirei-html-v1.1.3-non-keyed","keyed":false,"benchmark":"21_ready-memory","type":"memory","min":1.1209259033203125,"max":1.1209945678710938,"mean":1.1209625244140624,"median":1.1209640502929688,"geometricMean":1.1209625241606604,"standardDeviation":0.00002664832946254422,"values":[1.1209259033203125,1.1209640502929688,1.1209487915039062,1.1209793090820312,1.1209945678710938]}