{"framework":"kirei-v1.1.3-keyed","keyed":true,"benchmark":"25_run-clear-memory","type":"memory","min":2.918621063232422,"max":2.918621063232422,"mean":2.918621063232422,"median":2.918621063232422,"geometricMean":2.918621063232422,"standardDeviation":null,"values":[2.918621063232422]}