{"framework":"kirei-html-v1.1.3-non-keyed","keyed":false,"benchmark":"24_run5-memory","type":"memory","min":2.3543663024902344,"max":2.3543663024902344,"mean":2.3543663024902344,"median":2.3543663024902344,"geometricMean":2.3543663024902344,"standardDeviation":null,"values":[2.3543663024902344]}