{"framework":"kirei-v1.1.3-non-keyed","keyed":false,"benchmark":"06_remove-one-1k","type":"cpu","min":75.336,"max":80.201,"mean":77.61209999999998,"median":77.5775,"geometricMean":77.59932255352874,"standardDeviation":1.4856676351802993,"values":[75.336,76.262,76.416,76.776,76.976,78.179,78.546,78.697,78.732,80.201]}