{"framework":"kirei-html-v1.1.3-non-keyed","keyed":false,"benchmark":"05_swap1k","type":"cpu","min":46.125,"max":66.241,"mean":54.2712,"median":52.245000000000005,"geometricMean":53.95997650860529,"standardDeviation":6.335561025758579,"values":[66.241,64.978,52.65,51.079,46.125,52.928,51.548,54.049,51.84,51.274]}