{"framework":"kirei-html-v1.1.3-keyed","keyed":true,"benchmark":"05_swap1k","type":"cpu","min":95.089,"max":103.453,"mean":99.12219999999999,"median":98.7885,"geometricMean":99.09374733973164,"standardDeviation":2.506469885893084,"values":[95.089,96.677,97.732,97.871,98.612,98.965,100.024,100.865,101.934,103.453]}