{"framework":"kirei-html-v1.1.3-non-keyed","keyed":false,"benchmark":"04_select1k","type":"cpu","min":3.703,"max":74.502,"mean":59.6725,"median":64.5665,"geometricMean":49.30509813624885,"standardDeviation":20.17670064014982,"values":[60.969,69.162,66.71,63.902,74.502,58.811,69.833,64.995,64.138,3.703]}