{"framework":"kirei-v1.1.3-keyed","keyed":true,"benchmark":"32_startup-bt","type":"startup","min":29.291999999999987,"max":33.07199999999999,"mean":31.760999999999992,"median":32.339999999999996,"geometricMean":31.726375413053297,"standardDeviation":1.6854431662523286,"values":[29.291999999999987,32.476,33.07199999999999,32.20399999999999]}