{"framework":"kirei-v1.1.3-keyed","keyed":true,"benchmark":"09_clear1k_x8","type":"cpu","min":154.298,"max":278.494,"mean":243.62269999999998,"median":249.04000000000002,"geometricMean":240.9263470414264,"standardDeviation":34.49516217304166,"values":[154.298,237.374,240.075,242.478,246.841,251.239,252.883,254.414,278.131,278.494]}