{"framework":"kirei-v1.1.3-non-keyed","keyed":false,"benchmark":"02_replace1k","type":"cpu","min":74.934,"max":84.271,"mean":79.3774,"median":79.35149999999999,"geometricMean":79.33865763444277,"standardDeviation":2.6192670815410257,"values":[74.934,77.166,77.674,78.576,79.264,79.439,79.503,80.841,82.106,84.271]}