{"framework":"kirei-html-v1.1.3-keyed","keyed":true,"benchmark":"21_ready-memory","type":"memory","min":1.1054954528808594,"max":1.1054954528808594,"mean":1.1054954528808594,"median":1.1054954528808594,"geometricMean":1.1054954528808594,"standardDeviation":null,"values":[1.1054954528808594]}