{"framework":"kirei-html-v1.1.3-non-keyed","keyed":false,"benchmark":"07_create10k","type":"cpu","min":1822.288,"max":1906.701,"mean":1874.9715,"median":1870.644,"geometricMean":1874.8177978835186,"standardDeviation":25.23665282106783,"values":[1822.288,1861.332,1861.467,1867.076,1867.144,1874.144,1891.315,1895.719,1902.529,1906.701]}