{"framework":"kirei-html-v1.1.3-non-keyed","keyed":false,"benchmark":"34_startup-totalbytes","type":"startup","min":148.9736328125,"max":148.9736328125,"mean":148.9736328125,"median":148.9736328125,"geometricMean":148.9736328125,"standardDeviation":0,"values":[148.9736328125,148.9736328125,148.9736328125,148.9736328125]}