{"framework":"kirei-v1.1.3-non-keyed","keyed":false,"benchmark":"24_run5-memory","type":"memory","min":3.598133087158203,"max":3.598133087158203,"mean":3.598133087158203,"median":3.598133087158203,"geometricMean":3.598133087158203,"standardDeviation":null,"values":[3.598133087158203]}