{"framework":"kirei-html-v1.1.3-non-keyed","keyed":false,"benchmark":"32_startup-bt","type":"startup","min":16,"max":19.223999999999997,"mean":16.805999999999997,"median":16,"geometricMean":16.751392954706688,"standardDeviation":1.6119999999999983,"values":[19.223999999999997,16,16,16]}