{"framework":"kirei-v1.1.3-keyed","keyed":true,"benchmark":"01_run1k","type":"cpu","min":193.44,"max":237.192,"mean":214.11299999999997,"median":211.607,"geometricMean":213.65144102317154,"standardDeviation":14.824729369836367,"values":[230.699,226.07,223.356,194.963,207.923,204.273,211.701,193.44,237.192,211.513]}