{"framework":"kirei-html-v1.1.3-keyed","keyed":true,"benchmark":"06_remove-one-1k","type":"cpu","min":36.275,"max":40.898,"mean":38.312799999999996,"median":37.926,"geometricMean":38.28680643244509,"standardDeviation":1.49585767296818,"values":[38.574,37.855,39.22,37.741,36.275,37.412,36.731,40.898,40.425,37.997]}