{"framework":"kirei-v1.1.3-keyed","keyed":true,"benchmark":"23_update5-memory","type":"memory","min":3.8351974487304688,"max":3.8351974487304688,"mean":3.8351974487304688,"median":3.8351974487304688,"geometricMean":3.8351974487304688,"standardDeviation":null,"values":[3.8351974487304688]}