{"framework":"kirei-html-v1.1.3-non-keyed","keyed":false,"benchmark":"34_startup-totalbytes","type":"startup","min":147.701171875,"max":147.701171875,"mean":147.701171875,"median":147.701171875,"geometricMean":147.701171875,"standardDeviation":0,"values":[147.701171875,147.701171875,147.701171875,147.701171875]}