{"framework":"kirei-v1.1.3-keyed","keyed":true,"benchmark":"21_ready-memory","type":"memory","min":1.1155357360839844,"max":1.1155891418457031,"mean":1.115563201904297,"median":1.1155586242675781,"geometricMean":1.1155632017623731,"standardDeviation":0.000019895026871345974,"values":[1.1155738830566406,1.1155586242675781,1.1155891418457031,1.1155357360839844,1.1155586242675781]}