{"framework":"kirei-html-v1.1.3-keyed","keyed":true,"benchmark":"04_select1k","type":"cpu","min":84.672,"max":137.721,"mean":114.0501,"median":112.5635,"geometricMean":113.27298530331473,"standardDeviation":13.604910146708065,"values":[84.672,106.441,111.44,111.497,111.634,113.493,118.414,122.486,122.703,137.721]}