{"framework":"kirei-v1.1.3-keyed","keyed":true,"benchmark":"06_remove-one-1k","type":"cpu","min":40.713,"max":48.374,"mean":43.8452,"median":42.497,"geometricMean":43.762216550413605,"standardDeviation":2.8673838560223808,"values":[45.692,48.374,46.459,42.545,47.516,41.136,42.275,40.713,41.293,42.449]}