{"framework":"kirei-html-v1.1.3-non-keyed","keyed":false,"benchmark":"04_select1k","type":"cpu","min":51.16,"max":137.938,"mean":107.25439999999999,"median":113.0755,"geometricMean":102.7098586260873,"standardDeviation":29.032590848523625,"values":[51.16,62.059,105.061,108.216,110.111,116.04,117.122,131.962,132.875,137.938]}