{"framework":"kirei-v1.1.3-keyed","keyed":true,"benchmark":"32_startup-bt","type":"startup","min":26.619999999999997,"max":31.583999999999996,"mean":28.605999999999987,"median":28.109999999999985,"geometricMean":28.533747370340365,"standardDeviation":2.3664375475948374,"values":[26.619999999999997,26.787999999999986,29.43199999999998,31.583999999999996]}