{"framework":"kirei-html-v1.1.3-keyed","keyed":true,"benchmark":"24_run5-memory","type":"memory","min":3.163280487060547,"max":3.163280487060547,"mean":3.163280487060547,"median":3.163280487060547,"geometricMean":3.163280487060547,"standardDeviation":null,"values":[3.163280487060547]}