{"framework":"kirei-v1.1.3-non-keyed","keyed":false,"benchmark":"32_startup-bt","type":"startup","min":31.131999999999984,"max":39.4,"mean":35.13499999999999,"median":35.00399999999999,"geometricMean":35.01050274774376,"standardDeviation":3.4189548110497237,"values":[39.4,31.131999999999984,34.363999999999976,35.644]}