{"framework":"kirei-html-v1.1.3-keyed","keyed":true,"benchmark":"03_update10th1k_x16","type":"cpu","min":249.398,"max":380.933,"mean":341.24420000000003,"median":351.1835,"geometricMean":338.2933772083044,"standardDeviation":44.61486739193562,"values":[249.398,273.592,341.163,346.141,348.158,354.209,368.514,370.606,379.728,380.933]}