{"framework":"kirei-html-v1.1.3-non-keyed","keyed":false,"benchmark":"01_run1k","type":"cpu","min":159.97,"max":218.271,"mean":180.6597,"median":178.01749999999998,"geometricMean":179.83831264907582,"standardDeviation":18.54202013475818,"values":[196.878,218.271,164.709,180.959,197.226,170.159,177.127,178.908,162.39,159.97]}