{"framework":"kirei-html-v1.1.3-non-keyed","keyed":false,"benchmark":"06_remove-one-1k","type":"cpu","min":66.367,"max":69.733,"mean":68.5481,"median":68.697,"geometricMean":68.53952482882322,"standardDeviation":1.1378076824412038,"values":[66.367,66.932,68.107,68.54,68.588,68.806,69.257,69.543,69.608,69.733]}