{"framework":"kirei-html-v1.1.3-keyed","keyed":true,"benchmark":"34_startup-totalbytes","type":"startup","min":148.9892578125,"max":148.9892578125,"mean":148.9892578125,"median":148.9892578125,"geometricMean":148.9892578125,"standardDeviation":0,"values":[148.9892578125,148.9892578125,148.9892578125,148.9892578125]}