{"framework":"kirei-v1.1.3-non-keyed","keyed":false,"benchmark":"09_clear1k_x8","type":"cpu","min":192.915,"max":241.815,"mean":219.17849999999999,"median":218.91500000000002,"geometricMean":218.68290217590538,"standardDeviation":15.382762483088369,"values":[224.593,216.562,196.978,220.418,227.185,192.915,237.171,216.736,241.815,217.412]}