{"framework":"kirei-html-v1.1.3-non-keyed","keyed":false,"benchmark":"09_clear1k_x8","type":"cpu","min":160.797,"max":239.187,"mean":196.0506,"median":191.59550000000002,"geometricMean":195.13679118104665,"standardDeviation":20.172273023467966,"values":[160.797,190.163,211.747,188.641,189.322,193.028,239.187,205.106,195.753,186.762]}