{"framework":"kirei-html-v1.1.3-non-keyed","keyed":false,"benchmark":"08_create1k-after1k_x2","type":"cpu","min":394.305,"max":490.082,"mean":440.1973,"median":449.631,"geometricMean":438.87327565674553,"standardDeviation":35.842473829708425,"values":[394.305,399.289,400.529,411.372,442.862,456.4,460.36,471.115,475.659,490.082]}