{"framework":"kirei-v1.1.3-keyed","keyed":true,"benchmark":"02_replace1k","type":"cpu","min":176.354,"max":200.991,"mean":185.42000000000002,"median":185.4915,"geometricMean":185.29566401773093,"standardDeviation":7.223660044911058,"values":[200.991,189.344,183.811,180.151,178.471,180.604,190.03,176.354,187.272,187.172]}