{"framework":"kirei-v1.1.3-keyed","keyed":true,"benchmark":"01_run1k","type":"cpu","min":217.188,"max":244.124,"mean":229.1814,"median":226.75900000000001,"geometricMean":228.9876565581517,"standardDeviation":9.968731438296896,"values":[217.188,217.951,222.196,222.864,222.931,230.587,233.937,237.381,242.655,244.124]}