{"framework":"kirei-v1.1.3-non-keyed","keyed":false,"benchmark":"22_run-memory","type":"memory","min":3.380626678466797,"max":3.380626678466797,"mean":3.380626678466797,"median":3.380626678466797,"geometricMean":3.380626678466797,"standardDeviation":null,"values":[3.380626678466797]}