{"framework":"kirei-v1.1.3-keyed","keyed":true,"benchmark":"23_update5-memory","type":"memory","min":3.89080810546875,"max":3.891815185546875,"mean":3.8915420532226563,"median":3.8917236328125,"geometricMean":3.8915420351819177,"standardDeviation":0.0004189277541876078,"values":[3.891590118408203,3.8917236328125,3.891815185546875,3.89080810546875,3.891773223876953]}