{"framework":"kirei-v1.1.3-keyed","keyed":true,"benchmark":"08_create1k-after1k_x2","type":"cpu","min":369.896,"max":482.182,"mean":425.18829999999997,"median":429.17949999999996,"geometricMean":424.2456813208881,"standardDeviation":29.784178089307005,"values":[482.182,435.333,369.896,424.039,401.229,411.201,446.913,434.398,434.32,412.372]}