{"framework":"kirei-html-v1.1.3-keyed","keyed":true,"benchmark":"32_startup-bt","type":"startup","min":16,"max":16.18,"mean":16.045,"median":16,"geometricMean":16.044811392544325,"standardDeviation":0.08999999999999986,"values":[16,16,16.18,16]}