{"framework":"kirei-v1.1.3-non-keyed","keyed":false,"benchmark":"25_run-clear-memory","type":"memory","min":2.8664207458496094,"max":2.8664207458496094,"mean":2.8664207458496094,"median":2.8664207458496094,"geometricMean":2.8664207458496094,"standardDeviation":null,"values":[2.8664207458496094]}