{"framework":"kirei-html-v1.1.3-keyed","keyed":true,"benchmark":"31_startup-ci","type":"startup","min":1910.5319999999997,"max":1983.06,"mean":1953.7792499999998,"median":1960.7624999999998,"geometricMean":1953.5969520448323,"standardDeviation":30.714622070223715,"values":[1962.335,1983.06,1910.5319999999997,1959.1899999999998]}