{"framework":"kirei-html-v1.1.3-keyed","keyed":true,"benchmark":"01_run1k","type":"cpu","min":192.818,"max":230.163,"mean":211.359,"median":209.211,"geometricMean":211.0732842603928,"standardDeviation":11.654554932157069,"values":[192.818,202.21,204.435,207.669,207.716,210.706,212.831,214.945,230.097,230.163]}