{"framework":"kirei-html-v1.1.3-keyed","keyed":true,"benchmark":"24_run5-memory","type":"memory","min":3.1296348571777344,"max":3.132171630859375,"mean":3.130767059326172,"median":3.130901336669922,"geometricMean":3.1307669211938345,"standardDeviation":0.0010398020888504986,"values":[3.132171630859375,3.1312599182128906,3.130901336669922,3.1298675537109375,3.1296348571777344]}