{"framework":"kirei-html-v1.1.3-keyed","keyed":true,"benchmark":"31_startup-ci","type":"startup","min":1956.8400000000001,"max":1959.615,"mean":1957.9325000000001,"median":1957.6375000000003,"geometricMean":1957.9322214781728,"standardDeviation":1.206057627147165,"values":[1956.8400000000001,1957.9250000000002,1959.615,1957.3500000000001]}