{"framework":"kirei-html-v1.1.3-keyed","keyed":true,"benchmark":"23_update5-memory","type":"memory","min":2.686786651611328,"max":2.6871299743652344,"mean":2.686903381347656,"median":2.686859130859375,"geometricMean":2.6869033787377314,"standardDeviation":0.00013240901580759666,"values":[2.6871299743652344,2.686786651611328,2.686847686767578,2.6868934631347656,2.686859130859375]}