{"framework":"kirei-v1.1.3-non-keyed","keyed":false,"benchmark":"04_select1k","type":"cpu","min":152.523,"max":342.095,"mean":265.52270000000004,"median":271.634,"geometricMean":259.53381627449664,"standardDeviation":55.54985117301797,"values":[152.523,213.475,236.176,251.887,266.242,277.026,295.172,296.918,323.713,342.095]}