{"framework":"kirei-v1.1.3-non-keyed","keyed":false,"benchmark":"23_update5-memory","type":"memory","min":3.7758827209472656,"max":3.7759361267089844,"mean":3.7759132385253906,"median":3.775909423828125,"geometricMean":3.775913238479915,"standardDeviation":0.000020719109518433028,"values":[3.7759361267089844,3.7758827209472656,3.775909423828125,3.775909423828125,3.775928497314453]}