{"framework":"kirei-html-v1.1.3-keyed","keyed":true,"benchmark":"09_clear1k_x8","type":"cpu","min":168.771,"max":213.293,"mean":193.9451,"median":197.32850000000002,"geometricMean":193.53676604583612,"standardDeviation":13.074981193528014,"values":[197.125,199.763,177.957,168.771,206.097,213.293,197.996,197.532,186.606,194.311]}