{"framework":"lighterhtml-v2.5.0-non-keyed","keyed":false,"benchmark":"09_clear1k_x8","type":"cpu","min":108.83,"max":212.5,"mean":180.7775,"median":186.555,"geometricMean":177.93357667759045,"standardDeviation":30.59066902849807,"values":[108.83,148.149,184.169,185.474,185.522,187.588,191.466,196.844,207.233,212.5]}