{"framework":"lighterhtml-v2.5.0-non-keyed","keyed":false,"benchmark":"04_select1k","type":"cpu","min":29.284,"max":122.09,"mean":101.90830000000001,"median":113.0605,"geometricMean":95.81258100297151,"standardDeviation":28.07577101365359,"values":[29.284,84.914,96.285,104.999,112.849,113.272,115.95,118.682,120.758,122.09]}