{"framework":"lighterhtml-v2.5.0-keyed","keyed":true,"benchmark":"05_swap1k","type":"cpu","min":87.892,"max":100.504,"mean":94.7625,"median":94.822,"geometricMean":94.66534364093587,"standardDeviation":4.516266532091403,"values":[87.892,89.939,91.286,91.578,94.051,95.593,97.166,99.705,99.911,100.504]}