{"framework":"lighterhtml-v2.5.0-keyed","keyed":true,"benchmark":"06_remove-one-1k","type":"cpu","min":40.017,"max":42.839,"mean":41.7833,"median":41.9285,"geometricMean":41.77606881054844,"standardDeviation":0.8154005218977415,"values":[40.017,41.277,41.412,41.451,41.864,41.993,42.009,42.205,42.766,42.839]}