{"framework":"lighterhtml-v2.5.0-keyed","keyed":true,"benchmark":"21_ready-memory","type":"memory","min":1.1326637268066406,"max":1.1326637268066406,"mean":1.1326637268066406,"median":1.1326637268066406,"geometricMean":1.1326637268066406,"standardDeviation":null,"values":[1.1326637268066406]}