{"framework":"lighterhtml-v2.5.0-keyed","keyed":true,"benchmark":"22_run-memory","type":"memory","min":2.6622695922851562,"max":2.6693992614746094,"mean":2.666600799560547,"median":2.667125701904297,"geometricMean":2.666599636886893,"standardDeviation":0.0027834544465717096,"values":[2.665760040283203,2.6684494018554688,2.667125701904297,2.6693992614746094,2.6622695922851562]}