{"framework":"lighterhtml-v2.5.0-keyed","keyed":true,"benchmark":"09_clear1k_x8","type":"cpu","min":204.666,"max":256.786,"mean":234.67610000000005,"median":240.4625,"geometricMean":233.88561884092363,"standardDeviation":20.065384513025304,"values":[204.666,207.554,216.094,223.582,240.095,240.83,249.886,251.108,256.16,256.786]}