{"framework":"lighterhtml-v2.5.0-non-keyed","keyed":false,"benchmark":"25_run-clear-memory","type":"memory","min":2.3945999145507812,"max":2.3945999145507812,"mean":2.3945999145507812,"median":2.3945999145507812,"geometricMean":2.3945999145507812,"standardDeviation":null,"values":[2.3945999145507812]}