{"framework":"lighterhtml-v2.5.0-keyed","keyed":true,"benchmark":"02_replace1k","type":"cpu","min":224.406,"max":253.485,"mean":237.4844,"median":236.36849999999998,"geometricMean":237.37401423989343,"standardDeviation":7.674956405232685,"values":[224.406,233.866,233.942,235.61,236.022,236.715,236.851,238.069,245.878,253.485]}