{"framework":"lighterhtml-v2.5.0-non-keyed","keyed":false,"benchmark":"31_startup-ci","type":"startup","min":1984.48,"max":1987.395,"mean":1985.3512500000002,"median":1984.7649999999999,"geometricMean":1985.3508932691686,"standardDeviation":1.3745749342978781,"values":[1987.395,1984.6149999999998,1984.48,1984.9150000000002]}