{"framework":"lighterhtml-v2.5.0-non-keyed","keyed":false,"benchmark":"24_run5-memory","type":"memory","min":2.6481895446777344,"max":2.648468017578125,"mean":2.6483604431152346,"median":2.6483688354492188,"geometricMean":2.6483604414883324,"standardDeviation":0.00010378500687496794,"values":[2.6483688354492188,2.6483688354492188,2.648468017578125,2.648406982421875,2.6481895446777344]}