{"framework":"lighterhtml-v2.5.0-keyed","keyed":true,"benchmark":"25_run-clear-memory","type":"memory","min":2.393360137939453,"max":2.393360137939453,"mean":2.393360137939453,"median":2.393360137939453,"geometricMean":2.393360137939453,"standardDeviation":null,"values":[2.393360137939453]}