{"framework":"lighterhtml-v2.5.0-keyed","keyed":true,"benchmark":"24_run5-memory","type":"memory","min":3.224445343017578,"max":3.238025665283203,"mean":3.2321212768554686,"median":3.2339019775390625,"geometricMean":3.2321180681862565,"standardDeviation":0.005090634104916018,"values":[3.23394775390625,3.2339019775390625,3.23028564453125,3.238025665283203,3.224445343017578]}