{"framework":"lighterhtml-v2.5.0-keyed","keyed":true,"benchmark":"04_select1k","type":"cpu","min":66.416,"max":139.021,"mean":112.07390000000001,"median":116.4185,"geometricMean":110.07407172678487,"standardDeviation":20.515735946666236,"values":[66.416,95.119,99.679,113.316,114.748,118.089,123.247,124.3,126.804,139.021]}