{"framework":"lighterhtml-v2.5.0-keyed","keyed":true,"benchmark":"08_create1k-after1k_x2","type":"cpu","min":403.13,"max":511.185,"mean":444.5048,"median":434.7825,"geometricMean":443.3127016476577,"standardDeviation":34.7655028530039,"values":[403.13,411.162,416.094,424.065,430.422,439.143,458.785,471.878,479.184,511.185]}