{"framework":"lighterhtml-v2.5.0-keyed","keyed":true,"benchmark":"01_run1k","type":"cpu","min":174.462,"max":223.268,"mean":192.40349999999998,"median":190.036,"geometricMean":191.72976719124895,"standardDeviation":17.139230186589156,"values":[223.268,208.637,203.051,178.603,175.004,203.409,198.568,174.462,181.504,177.529]}