{"framework":"lighterhtml-v2.5.0-keyed","keyed":true,"benchmark":"02_replace1k","type":"cpu","min":186.769,"max":198.985,"mean":191.64370000000002,"median":190.5225,"geometricMean":191.59662415633656,"standardDeviation":4.496914326019075,"values":[186.769,187.799,187.825,187.833,190.311,190.734,193.65,193.909,198.622,198.985]}