{"framework":"lighterhtml-v2.5.0-non-keyed","keyed":false,"benchmark":"23_update5-memory","type":"memory","min":2.912872314453125,"max":2.912872314453125,"mean":2.912872314453125,"median":2.912872314453125,"geometricMean":2.912872314453125,"standardDeviation":null,"values":[2.912872314453125]}