{"framework":"lighterhtml-v2.5.0-keyed","keyed":true,"benchmark":"03_update10th1k_x16","type":"cpu","min":289.001,"max":482.128,"mean":434.5864,"median":454.544,"geometricMean":430.60231074326623,"standardDeviation":56.476726404579956,"values":[289.001,406.293,414.811,445.687,453.255,455.833,460.024,463.792,475.04,482.128]}