{"framework":"lighterhtml-v2.5.0-non-keyed","keyed":false,"benchmark":"34_startup-totalbytes","type":"startup","min":153.4990234375,"max":153.4990234375,"mean":153.4990234375,"median":153.4990234375,"geometricMean":153.4990234375,"standardDeviation":0,"values":[153.4990234375,153.4990234375,153.4990234375,153.4990234375]}