{"framework":"lighterhtml-v2.5.0-non-keyed","keyed":false,"benchmark":"31_startup-ci","type":"startup","min":2032.02,"max":2034.935,"mean":2033.54,"median":2033.6025,"geometricMean":2033.53961308315,"standardDeviation":1.4484877171266273,"values":[2034.935,2034.6100000000001,2032.02,2032.595]}