{"framework":"lighterhtml-v2.5.0-non-keyed","keyed":false,"benchmark":"21_ready-memory","type":"memory","min":1.1326560974121094,"max":1.1326560974121094,"mean":1.1326560974121094,"median":1.1326560974121094,"geometricMean":1.1326560974121094,"standardDeviation":null,"values":[1.1326560974121094]}