{"framework":"lighterhtml-v2.5.0-non-keyed","keyed":false,"benchmark":"06_remove-one-1k","type":"cpu","min":62.783,"max":63.906,"mean":63.29580000000001,"median":63.214,"geometricMean":63.294942908300804,"standardDeviation":0.34747399582958316,"values":[62.783,62.98,63.09,63.175,63.206,63.222,63.265,63.607,63.724,63.906]}