{"framework":"lighterhtml-v2.5.0-non-keyed","keyed":false,"benchmark":"23_update5-memory","type":"memory","min":2.9128189086914062,"max":2.9128189086914062,"mean":2.9128189086914062,"median":2.9128189086914062,"geometricMean":2.9128189086914062,"standardDeviation":null,"values":[2.9128189086914062]}