{"framework":"lighterhtml-v2.5.0-non-keyed","keyed":false,"benchmark":"01_run1k","type":"cpu","min":186.487,"max":210.81,"mean":198.23080000000002,"median":196.95850000000002,"geometricMean":198.01099019859964,"standardDeviation":9.848339327577575,"values":[186.487,187.096,188.573,192.163,192.795,201.122,204.917,208.613,209.732,210.81]}