{"framework":"lighterhtml-v2.5.0-keyed","keyed":true,"benchmark":"01_run1k","type":"cpu","min":191.038,"max":239.12,"mean":218.34570000000002,"median":221.6685,"geometricMean":217.75692693136284,"standardDeviation":16.673757172075323,"values":[191.038,194.123,207.238,212.989,219.531,223.806,229.881,232.643,233.088,239.12]}