{"framework":"lighterhtml-v2.5.0-keyed","keyed":true,"benchmark":"22_run-memory","type":"memory","min":2.661388397216797,"max":2.661388397216797,"mean":2.661388397216797,"median":2.661388397216797,"geometricMean":2.661388397216797,"standardDeviation":null,"values":[2.661388397216797]}