{"framework":"lighterhtml-v2.5.0-non-keyed","keyed":false,"benchmark":"21_ready-memory","type":"memory","min":1.149932861328125,"max":1.1500015258789062,"mean":1.1499588012695312,"median":1.1499481201171875,"geometricMean":1.1499588010306212,"standardDeviation":0.000026207830867489117,"values":[1.14996337890625,1.1499481201171875,1.1499481201171875,1.149932861328125,1.1500015258789062]}