{"framework":"lighterhtml-v2.5.0-non-keyed","keyed":false,"benchmark":"21_ready-memory","type":"memory","min":1.1326789855957031,"max":1.1326789855957031,"mean":1.1326789855957031,"median":1.1326789855957031,"geometricMean":1.1326789855957031,"standardDeviation":null,"values":[1.1326789855957031]}