{"framework":"lighterhtml-v2.5.0-non-keyed","keyed":false,"benchmark":"05_swap1k","type":"cpu","min":47.64,"max":54.996,"mean":51.9404,"median":52.122,"geometricMean":51.890754226139435,"standardDeviation":2.3809359130859074,"values":[51.409,54.849,49.631,52.615,52.603,47.64,51.641,54.025,49.995,54.996]}