{"framework":"lighterhtml-v2.5.0-non-keyed","keyed":false,"benchmark":"01_run1k","type":"cpu","min":186.1,"max":259.238,"mean":214.22899999999998,"median":211.2885,"geometricMean":213.38927226665402,"standardDeviation":20.344305110876718,"values":[186.1,189.331,207.47,210.272,210.927,211.65,220.286,223.139,223.877,259.238]}