{"framework":"lighterhtml-v2.5.0-keyed","keyed":true,"benchmark":"31_startup-ci","type":"startup","min":1982.0200000000002,"max":1986.6699999999998,"mean":1985.0887500000001,"median":1985.8325000000002,"geometricMean":1985.087868156531,"standardDeviation":2.160009162789117,"values":[1982.0200000000002,1986.6699999999998,1985.1350000000002,1986.5300000000002]}