{"framework":"lighterhtml-v2.5.0-non-keyed","keyed":false,"benchmark":"08_create1k-after1k_x2","type":"cpu","min":359.262,"max":443.307,"mean":383.34270000000004,"median":380.4015,"geometricMean":382.70998552550765,"standardDeviation":23.90210568618032,"values":[443.307,359.262,388.171,374.032,394.13,364.476,364.526,382.705,378.098,384.72]}