{"framework":"lighterhtml-v2.5.0-non-keyed","keyed":false,"benchmark":"07_create10k","type":"cpu","min":1788.757,"max":1938.064,"mean":1864.4631000000004,"median":1856.1395,"geometricMean":1864.0391156323503,"standardDeviation":41.88979872753429,"values":[1788.757,1824.058,1851.483,1852.362,1852.436,1859.843,1885.029,1889.946,1902.653,1938.064]}