{"framework":"lighterhtml-v2.5.0-non-keyed","keyed":false,"benchmark":"07_create10k","type":"cpu","min":1715.491,"max":1778.276,"mean":1751.6064,"median":1751.1575,"geometricMean":1751.4779576628325,"standardDeviation":22.342587680630658,"values":[1715.491,1727.58,1736.37,1736.644,1747.79,1754.525,1768.585,1775.211,1775.592,1778.276]}