{"framework":"lighterhtml-v2.5.0-non-keyed","keyed":false,"benchmark":"03_update10th1k_x16","type":"cpu","min":217.725,"max":324.911,"mean":295.17359999999996,"median":304.558,"geometricMean":292.9894727304471,"standardDeviation":35.794356132403514,"values":[217.725,247.624,286.862,301.239,301.349,307.767,318.417,321.361,324.481,324.911]}