{"framework":"lighterhtml-v2.5.0-keyed","keyed":true,"benchmark":"34_startup-totalbytes","type":"startup","min":152.8203125,"max":152.8203125,"mean":152.8203125,"median":152.8203125,"geometricMean":152.8203125,"standardDeviation":0,"values":[152.8203125,152.8203125,152.8203125,152.8203125]}