{"framework":"lighterhtml-v2.5.0-keyed","keyed":true,"benchmark":"04_select1k","type":"cpu","min":41.855,"max":66.617,"mean":58.9919,"median":59.8845,"geometricMean":58.57153757738535,"standardDeviation":6.933100131494809,"values":[56.982,64.73,59.18,57.012,64.023,57.061,61.87,41.855,66.617,60.589]}