{"framework":"lighterhtml-v2.5.0-non-keyed","keyed":false,"benchmark":"23_update5-memory","type":"memory","min":2.9278182983398438,"max":2.9299545288085938,"mean":2.9282958984375,"median":2.92791748046875,"geometricMean":2.9282957807010996,"standardDeviation":0.0009285258380454991,"values":[2.9278488159179688,2.9299545288085938,2.92791748046875,2.9278182983398438,2.9279403686523438]}