{"framework":"lighterhtml-v2.5.0-keyed","keyed":true,"benchmark":"08_create1k-after1k_x2","type":"cpu","min":382.734,"max":424.61,"mean":402.7346999999999,"median":405.3395,"geometricMean":402.53113877223524,"standardDeviation":13.496452184432282,"values":[382.734,389.196,391.393,391.508,403.363,407.316,409.15,412.494,415.583,424.61]}