{"framework":"lighterhtml-v2.5.0-non-keyed","keyed":false,"benchmark":"08_create1k-after1k_x2","type":"cpu","min":412.275,"max":470.76,"mean":437.0576,"median":441.2185,"geometricMean":436.6319272375861,"standardDeviation":20.362882420936604,"values":[412.275,413.213,416.529,421.543,440.545,441.892,442.869,454.172,456.778,470.76]}