{"framework":"lighterhtml-v2.5.0-keyed","keyed":true,"benchmark":"07_create10k","type":"cpu","min":1711.758,"max":1824.108,"mean":1769.6643,"median":1769.4015,"geometricMean":1769.4142021714472,"standardDeviation":31.347649584228055,"values":[1711.758,1739.125,1759.516,1763.448,1768.029,1770.774,1775.66,1777.885,1806.34,1824.108]}