{"framework":"lighterhtml-v2.5.0-non-keyed","keyed":false,"benchmark":"25_run-clear-memory","type":"memory","min":2.4227027893066406,"max":2.4304161071777344,"mean":2.4273216247558596,"median":2.430370330810547,"geometricMean":2.4273187034873085,"standardDeviation":0.004209471677685567,"values":[2.4227027893066406,2.430400848388672,2.4304161071777344,2.422718048095703,2.430370330810547]}