{"framework":"lighterhtml-v2.5.0-keyed","keyed":true,"benchmark":"07_create10k","type":"cpu","min":1541.24,"max":1913.429,"mean":1685.6906,"median":1658.643,"geometricMean":1680.5446131491394,"standardDeviation":140.41673649944858,"values":[1705.454,1644.142,1546.321,1913.429,1541.24,1860.363,1561.495,1840.363,1673.144,1570.955]}