{"framework":"lighterhtml-v2.5.0-keyed","keyed":true,"benchmark":"06_remove-one-1k","type":"cpu","min":41.075,"max":43.536,"mean":42.577799999999996,"median":42.4765,"geometricMean":42.57230982969896,"standardDeviation":0.718579741187047,"values":[41.075,42.136,42.349,42.393,42.465,42.488,42.696,43.158,43.482,43.536]}