{"framework":"lighterhtml-v2.5.0-non-keyed","keyed":false,"benchmark":"24_run5-memory","type":"memory","min":2.631916046142578,"max":2.631916046142578,"mean":2.631916046142578,"median":2.631916046142578,"geometricMean":2.631916046142578,"standardDeviation":null,"values":[2.631916046142578]}