{"framework":"lighterhtml-v2.5.0-non-keyed","keyed":false,"benchmark":"03_update10th1k_x16","type":"cpu","min":307.229,"max":362.409,"mean":339.2962999999999,"median":341.49850000000004,"geometricMean":338.9407388769702,"standardDeviation":16.220242730407378,"values":[307.229,323.464,330.475,333.662,338.709,344.288,349.054,349.584,354.089,362.409]}