{"framework":"lighterhtml-v2.5.0-non-keyed","keyed":false,"benchmark":"06_remove-one-1k","type":"cpu","min":61.369,"max":64.061,"mean":62.398,"median":62.281,"geometricMean":62.392944954375025,"standardDeviation":0.8399388866657715,"values":[62.236,64.061,61.369,62.45,61.649,62.732,63.472,61.688,62.326,61.997]}