{"framework":"lighterhtml-v2.5.0-keyed","keyed":true,"benchmark":"01_run1k","type":"cpu","min":232.119,"max":287.321,"mean":251.9744,"median":249.406,"geometricMean":251.51213858391947,"standardDeviation":16.342811346616937,"values":[232.119,237.154,237.387,244.697,248.058,250.754,258.108,259.213,264.933,287.321]}