{"framework":"lighterhtml-v2.5.0-non-keyed","keyed":false,"benchmark":"06_remove-one-1k","type":"cpu","min":67.348,"max":71.616,"mean":68.70429999999999,"median":68.186,"geometricMean":68.6918624577944,"standardDeviation":1.3878525417989387,"values":[67.348,67.545,67.705,68.164,68.165,68.207,68.509,69.19,70.594,71.616]}