{"framework":"lighterhtml-v2.5.0-non-keyed","keyed":false,"benchmark":"31_startup-ci","type":"startup","min":1988.1,"max":1995.6649999999997,"mean":1993.0662499999999,"median":1994.2499999999998,"geometricMean":1993.0640716132293,"standardDeviation":3.400973818873965,"values":[1993.7599999999998,1988.1,1994.7399999999998,1995.6649999999997]}