{"framework":"lighterhtml-v2.5.0-non-keyed","keyed":false,"benchmark":"02_replace1k","type":"cpu","min":64.717,"max":69.433,"mean":66.7259,"median":66.7585,"geometricMean":66.70537731311826,"standardDeviation":1.7458344996018405,"values":[64.717,64.77,64.771,65.528,66.278,67.239,67.941,68.021,68.561,69.433]}