{"framework":"lighterhtml-v2.5.0-non-keyed","keyed":false,"benchmark":"34_startup-totalbytes","type":"startup","min":152.8037109375,"max":152.8037109375,"mean":152.8037109375,"median":152.8037109375,"geometricMean":152.8037109375,"standardDeviation":0,"values":[152.8037109375,152.8037109375,152.8037109375,152.8037109375]}