{"framework":"lighterhtml-v2.5.0-non-keyed","keyed":false,"benchmark":"22_run-memory","type":"memory","min":2.6036109924316406,"max":2.6036109924316406,"mean":2.6036109924316406,"median":2.6036109924316406,"geometricMean":2.6036109924316406,"standardDeviation":null,"values":[2.6036109924316406]}