{"framework":"lighterhtml-v2.5.0-non-keyed","keyed":false,"benchmark":"05_swap1k","type":"cpu","min":48.685,"max":59.63,"mean":54.4227,"median":54.182500000000005,"geometricMean":54.33803549938611,"standardDeviation":3.1881585785876814,"values":[48.685,51.974,52.015,53.158,53.859,54.506,56.356,56.535,57.509,59.63]}