{"framework":"lighterhtml-v2.5.0-non-keyed","keyed":false,"benchmark":"09_clear1k_x8","type":"cpu","min":222.605,"max":234.034,"mean":225.87019999999998,"median":224.586,"geometricMean":225.84620004389504,"standardDeviation":3.492123830055921,"values":[222.605,222.796,223.654,223.745,223.762,225.41,227.133,227.713,227.85,234.034]}