{"framework":"lighterhtml-v2.5.0-keyed","keyed":true,"benchmark":"23_update5-memory","type":"memory","min":2.983753204345703,"max":2.9838905334472656,"mean":2.9838027954101562,"median":2.9837875366210938,"geometricMean":2.9838027950492645,"standardDeviation":0.000051885492358152176,"values":[2.983783721923828,2.983753204345703,2.9838905334472656,2.9837989807128906,2.9837875366210938]}