{"framework":"lighterhtml-v2.5.0-keyed","keyed":true,"benchmark":"22_run-memory","type":"memory","min":2.6628341674804688,"max":2.6628341674804688,"mean":2.6628341674804688,"median":2.6628341674804688,"geometricMean":2.6628341674804688,"standardDeviation":null,"values":[2.6628341674804688]}