{"framework":"lighterhtml-v2.5.0-keyed","keyed":true,"benchmark":"04_select1k","type":"cpu","min":5.617,"max":195.565,"mean":131.56709999999998,"median":150.515,"geometricMean":102.35690961706436,"standardDeviation":55.777129477651194,"values":[5.617,93.859,104.491,106.857,150.442,150.588,156.291,175.432,176.529,195.565]}