{"framework":"lighterhtml-v2.5.0-keyed","keyed":true,"benchmark":"31_startup-ci","type":"startup","min":1986.9099999999999,"max":2005.4849999999997,"mean":1991.715,"median":1987.2325,"geometricMean":1991.699172430567,"standardDeviation":9.182674810024784,"values":[1987.43,1987.035,2005.4849999999997,1986.9099999999999]}