{"framework":"lighterhtml-v2.5.0-keyed","keyed":true,"benchmark":"07_create10k","type":"cpu","min":1760.071,"max":1892.798,"mean":1841.0303,"median":1854.4360000000001,"geometricMean":1840.551282004458,"standardDeviation":44.09627521193449,"values":[1760.071,1801.515,1802.191,1815.703,1843.04,1865.832,1869.321,1872.47,1887.362,1892.798]}