{"framework":"lighterhtml-v2.5.0-non-keyed","keyed":false,"benchmark":"08_create1k-after1k_x2","type":"cpu","min":379.28,"max":422.542,"mean":398.22069999999997,"median":389.8535,"geometricMean":397.9096099610146,"standardDeviation":16.676424990253615,"values":[379.28,382.703,384.516,388.757,388.966,390.741,411.638,411.936,421.128,422.542]}