{"framework":"lighterhtml-v2.5.0-non-keyed","keyed":false,"benchmark":"05_swap1k","type":"cpu","min":41.095,"max":51.54,"mean":48.60390000000001,"median":49.291,"geometricMean":48.52244094796891,"standardDeviation":2.850260941270699,"values":[41.095,47.53,48.382,49.098,49.193,49.389,49.496,49.964,50.352,51.54]}