{"framework":"lighterhtml-v2.5.0-keyed","keyed":true,"benchmark":"05_swap1k","type":"cpu","min":63.351,"max":110.316,"mean":99.91109999999999,"median":102.929,"geometricMean":98.8440082155469,"standardDeviation":13.780856564653575,"values":[63.351,96.415,96.423,101.854,102.601,103.257,106.328,108.624,109.942,110.316]}