{"framework":"lighterhtml-v2.5.0-non-keyed","keyed":false,"benchmark":"07_create10k","type":"cpu","min":1577.971,"max":2034.234,"mean":1733.3970999999997,"median":1683.8400000000001,"geometricMean":1727.8812749351855,"standardDeviation":148.41884582300636,"values":[1712.146,1652.648,1616.981,1821.519,1655.534,1802.776,1581.076,2034.234,1577.971,1879.086]}