{"framework":"lighterhtml-v2.5.0-keyed","keyed":true,"benchmark":"21_ready-memory","type":"memory","min":1.1499290466308594,"max":1.1499977111816406,"mean":1.149956512451172,"median":1.1499595642089844,"geometricMean":1.1499565121616426,"standardDeviation":0.000028850815431501825,"values":[1.1499290466308594,1.1499671936035156,1.1499290466308594,1.1499595642089844,1.1499977111816406]}