{"framework":"lighterhtml-v2.5.0-keyed","keyed":true,"benchmark":"21_ready-memory","type":"memory","min":1.1327400207519531,"max":1.1327400207519531,"mean":1.1327400207519531,"median":1.1327400207519531,"geometricMean":1.1327400207519531,"standardDeviation":null,"values":[1.1327400207519531]}