{"framework":"lighterhtml-v2.5.0-non-keyed","keyed":false,"benchmark":"22_run-memory","type":"memory","min":2.6022911071777344,"max":2.606800079345703,"mean":2.605071258544922,"median":2.605152130126953,"geometricMean":2.605070717816039,"standardDeviation":0.0018763878927153606,"values":[2.6067581176757812,2.6022911071777344,2.605152130126953,2.606800079345703,2.6043548583984375]}