{"framework":"lighterhtml-v2.5.0-keyed","keyed":true,"benchmark":"34_startup-totalbytes","type":"startup","min":153.5087890625,"max":153.5087890625,"mean":153.5087890625,"median":153.5087890625,"geometricMean":153.5087890625,"standardDeviation":0,"values":[153.5087890625,153.5087890625,153.5087890625,153.5087890625]}