{"framework":"lighterhtml-v2.5.0-keyed","keyed":true,"benchmark":"09_clear1k_x8","type":"cpu","min":105.042,"max":207.714,"mean":176.6636,"median":187.4995,"geometricMean":173.71523234344133,"standardDeviation":30.890490259769084,"values":[105.042,148.823,162.605,175.711,185.555,189.444,195.593,196.85,199.299,207.714]}