{"framework":"lighterhtml-v2.5.0-keyed","keyed":true,"benchmark":"25_run-clear-memory","type":"memory","min":2.3926124572753906,"max":2.4182815551757812,"mean":2.406500244140625,"median":2.405834197998047,"geometricMean":2.4064856609676615,"standardDeviation":0.009363086666613517,"values":[2.4051742553710938,2.3926124572753906,2.4105987548828125,2.4182815551757812,2.405834197998047]}