{"framework":"lighterhtml-v2.5.0-non-keyed","keyed":false,"benchmark":"04_select1k","type":"cpu","min":88.124,"max":138.819,"mean":116.5452,"median":125.8075,"geometricMean":114.52094612818335,"standardDeviation":22.36168042681746,"values":[88.124,89.777,90.995,97.116,118.828,132.787,134.583,136.466,137.957,138.819]}