{"framework":"lighterhtml-v2.5.0-keyed","keyed":true,"benchmark":"31_startup-ci","type":"startup","min":2031.855,"max":2040.77,"mean":2036.3187500000001,"median":2036.325,"geometricMean":2036.3162260291044,"standardDeviation":3.7020970971419334,"values":[2035.495,2031.855,2040.77,2037.1550000000002]}