{"framework":"lighterhtml-v2.5.0-non-keyed","keyed":false,"benchmark":"25_run-clear-memory","type":"memory","min":2.3743858337402344,"max":2.3743858337402344,"mean":2.3743858337402344,"median":2.3743858337402344,"geometricMean":2.3743858337402344,"standardDeviation":null,"values":[2.3743858337402344]}