{"framework":"lighterhtml-v2.5.0-non-keyed","keyed":false,"benchmark":"22_run-memory","type":"memory","min":2.6012725830078125,"max":2.6012725830078125,"mean":2.6012725830078125,"median":2.6012725830078125,"geometricMean":2.6012725830078125,"standardDeviation":null,"values":[2.6012725830078125]}