{"framework":"lighterhtml-v2.5.0-keyed","keyed":true,"benchmark":"03_update10th1k_x16","type":"cpu","min":297.527,"max":363.532,"mean":341.89490000000006,"median":347.848,"geometricMean":341.1924671364644,"standardDeviation":22.665746032529157,"values":[297.527,312.467,333.36,337.465,337.744,357.952,358.151,358.63,362.121,363.532]}