{"framework":"lighterhtml-v2.5.0-non-keyed","keyed":false,"benchmark":"02_replace1k","type":"cpu","min":63.049,"max":69.959,"mean":65.69,"median":65.416,"geometricMean":65.66031220043713,"standardDeviation":2.0950410231995207,"values":[63.049,63.265,64.383,64.863,65.075,65.757,66.247,66.42,67.882,69.959]}