{"framework":"lighterhtml-v2.5.0-keyed","keyed":true,"benchmark":"23_update5-memory","type":"memory","min":2.9671669006347656,"max":2.9671669006347656,"mean":2.9671669006347656,"median":2.9671669006347656,"geometricMean":2.9671669006347656,"standardDeviation":null,"values":[2.9671669006347656]}