{"framework":"lighterhtml-v2.5.0-keyed","keyed":true,"benchmark":"32_startup-bt","type":"startup","min":16,"max":71.91199999999999,"mean":29.977999999999998,"median":16,"geometricMean":23.296481230054134,"standardDeviation":27.956,"values":[16,16,71.91199999999999,16]}