{"framework":"lit-element-v2.4.0-non-keyed","keyed":false,"benchmark":"32_startup-bt","type":"startup","min":16,"max":55.66799999999999,"mean":41.30499999999999,"median":46.77599999999999,"geometricMean":37.27005009310724,"standardDeviation":17.794509228036226,"values":[42.116,55.66799999999999,51.43599999999998,16]}