{"framework":"lit-html-v1.1.0-keyed","keyed":true,"benchmark":"06_remove-one-1k","type":"cpu","min":39.047,"max":40.716,"mean":39.71039999999999,"median":39.646,"geometricMean":39.70656382534051,"standardDeviation":0.5830149988541375,"values":[39.047,39.073,39.189,39.315,39.627,39.665,39.909,40.091,40.472,40.716]}