{"framework":"lit-element-v2.4.0-keyed","keyed":true,"benchmark":"04_select1k","type":"cpu","min":142.567,"max":205.881,"mean":178.28289999999998,"median":172.32049999999998,"geometricMean":177.19986258144604,"standardDeviation":20.52293204334009,"values":[142.567,160.027,167.6,169.471,171.087,173.554,192.406,199.332,200.904,205.881]}