{"framework":"lit-element-v2.4.0-keyed","keyed":true,"benchmark":"22_run-memory","type":"memory","min":2.8701324462890625,"max":2.883228302001953,"mean":2.876783752441406,"median":2.8765411376953125,"geometricMean":2.8767789038446643,"standardDeviation":0.005905202254241198,"values":[2.883228302001953,2.882183074951172,2.8765411376953125,2.8701324462890625,2.8718338012695312]}