{"framework":"lit-element-v2.4.0-non-keyed","keyed":false,"benchmark":"34_startup-totalbytes","type":"startup","min":174.6748046875,"max":174.67578125,"mean":174.675537109375,"median":174.67578125,"geometricMean":174.67553710886315,"standardDeviation":0.00048828125,"values":[174.6748046875,174.67578125,174.67578125,174.67578125]}