{"framework":"lit-element-v2.4.0-keyed","keyed":true,"benchmark":"07_create10k","type":"cpu","min":1811.42,"max":1913.421,"mean":1844.3546999999999,"median":1833.158,"geometricMean":1844.0221370717684,"standardDeviation":37.20198454697454,"values":[1811.42,1816.112,1820.773,1822.536,1833.037,1833.279,1834.278,1847.959,1910.732,1913.421]}