{"framework":"lit-element-v2.4.0-non-keyed","keyed":false,"benchmark":"31_startup-ci","type":"startup","min":2255.6565,"max":2436.395,"mean":2304.162125,"median":2262.2985,"geometricMean":2302.9260560079897,"standardDeviation":88.2333129184352,"values":[2264.7375,2255.6565,2259.8594999999996,2436.395]}