{"framework":"lit-element-v2.4.0-keyed","keyed":true,"benchmark":"23_update5-memory","type":"memory","min":3.2837142944335938,"max":3.2837142944335938,"mean":3.2837142944335938,"median":3.2837142944335938,"geometricMean":3.2837142944335938,"standardDeviation":null,"values":[3.2837142944335938]}