{"framework":"lit-element-v2.4.0-keyed","keyed":true,"benchmark":"08_create1k-after1k_x2","type":"cpu","min":346.33,"max":445.576,"mean":396.9814,"median":397.3055,"geometricMean":396.13448786983406,"standardDeviation":27.238293759582913,"values":[423.859,375.296,385.963,406.079,346.33,403.82,445.576,390.791,407.597,384.503]}