{"framework":"lit-element-v2.4.0-keyed","keyed":true,"benchmark":"23_update5-memory","type":"memory","min":3.232654571533203,"max":3.239086151123047,"mean":3.234930419921875,"median":3.2338790893554688,"geometricMean":3.234929525808813,"standardDeviation":0.0026895504066780334,"values":[3.239086151123047,3.232929229736328,3.236103057861328,3.232654571533203,3.2338790893554688]}