{"framework":"lit-html-v1.1.0-non-keyed","keyed":false,"benchmark":"02_replace1k","type":"cpu","min":64.521,"max":67.954,"mean":66.36959999999999,"median":66.195,"geometricMean":66.36167533600998,"standardDeviation":1.0808120609574579,"values":[64.521,65.371,65.697,65.921,66.12,66.27,67.026,67.037,67.779,67.954]}