{"framework":"lit-html-v1.1.0-keyed","keyed":true,"benchmark":"04_select1k","type":"cpu","min":115.796,"max":157.006,"mean":139.7538,"median":141.01299999999998,"geometricMean":138.9714998229186,"standardDeviation":15.286199867854668,"values":[115.796,115.937,132.077,135.777,139.438,142.588,146.845,155.443,156.631,157.006]}