{"framework":"lit-element-v2.4.0-non-keyed","keyed":false,"benchmark":"07_create10k","type":"cpu","min":1805.183,"max":1862.061,"mean":1831.2532000000003,"median":1824.7440000000001,"geometricMean":1831.1583249692396,"standardDeviation":19.682104007899603,"values":[1805.183,1815.329,1817.002,1821.848,1821.973,1827.515,1829.909,1855.686,1856.026,1862.061]}