{"framework":"lit-html-v1.1.0-keyed","keyed":true,"benchmark":"23_update5-memory","type":"memory","min":2.8683853149414062,"max":2.8683853149414062,"mean":2.8683853149414062,"median":2.8683853149414062,"geometricMean":2.8683853149414062,"standardDeviation":null,"values":[2.8683853149414062]}