{"framework":"lit-html-v1.1.0-non-keyed","keyed":false,"benchmark":"05_swap1k","type":"cpu","min":40.803,"max":61.8,"mean":48.9382,"median":50.0045,"geometricMean":48.59563101187146,"standardDeviation":6.194356549849763,"values":[45.713,52.304,61.8,51.265,44.507,40.803,41.515,51.271,48.744,51.46]}