{"framework":"lit-html-v1.1.0-keyed","keyed":true,"benchmark":"25_run-clear-memory","type":"memory","min":2.534534454345703,"max":2.5528717041015625,"mean":2.5446044921875,"median":2.541454315185547,"geometricMean":2.5445943587650874,"standardDeviation":0.008029058050323869,"values":[2.534534454345703,2.5528717041015625,2.5528221130371094,2.541454315185547,2.541339874267578]}