{"framework":"lit-element-v2.4.0-non-keyed","keyed":false,"benchmark":"23_update5-memory","type":"memory","min":3.2344741821289062,"max":3.2344741821289062,"mean":3.2344741821289062,"median":3.2344741821289062,"geometricMean":3.2344741821289062,"standardDeviation":null,"values":[3.2344741821289062]}