{"framework":"lit-html-v1.1.0-keyed","keyed":true,"benchmark":"32_startup-bt","type":"startup","min":16,"max":16.692,"mean":16.173000000000002,"median":16,"geometricMean":16.17026290649905,"standardDeviation":0.3460000000000001,"values":[16,16.692,16,16]}