{"framework":"lit-html-v1.1.0-keyed","keyed":true,"benchmark":"34_startup-totalbytes","type":"startup","min":156.490234375,"max":156.490234375,"mean":156.490234375,"median":156.490234375,"geometricMean":156.490234375,"standardDeviation":0,"values":[156.490234375,156.490234375,156.490234375,156.490234375]}