{"framework":"lit-element-v2.4.0-non-keyed","keyed":false,"benchmark":"02_replace1k","type":"cpu","min":66.435,"max":69.333,"mean":68.6144,"median":68.67,"geometricMean":68.60989846823708,"standardDeviation":0.822064366228229,"values":[66.435,68.485,68.572,68.609,68.628,68.712,69.065,69.1,69.205,69.333]}