{"framework":"lit-element-v2.4.0-keyed","keyed":true,"benchmark":"03_update10th1k_x16","type":"cpu","min":171.899,"max":423.109,"mean":378.6033,"median":403.03499999999997,"geometricMean":368.65146704105643,"standardDeviation":74.27137382008107,"values":[171.899,372.986,380.139,396.136,401.426,404.644,406.718,410.454,418.522,423.109]}