{"framework":"lit-element-v2.4.0-keyed","keyed":true,"benchmark":"25_run-clear-memory","type":"memory","min":2.5661697387695312,"max":2.5661697387695312,"mean":2.5661697387695312,"median":2.5661697387695312,"geometricMean":2.5661697387695312,"standardDeviation":null,"values":[2.5661697387695312]}