{"framework":"lit-element-v2.4.0-keyed","keyed":true,"benchmark":"06_remove-one-1k","type":"cpu","min":40.346,"max":42.27,"mean":41.58,"median":41.6695,"geometricMean":41.576588985701804,"standardDeviation":0.559123321717928,"values":[40.346,41.203,41.293,41.393,41.579,41.76,41.845,42.041,42.07,42.27]}