{"framework":"lit-html-v1.1.0-non-keyed","keyed":false,"benchmark":"24_run5-memory","type":"memory","min":2.5994644165039062,"max":2.6000633239746094,"mean":2.5998085021972654,"median":2.599834442138672,"geometricMean":2.599808492621893,"standardDeviation":0.0002494677852091458,"values":[2.6000633239746094,2.599834442138672,2.5994644165039062,2.5996627807617188,2.600017547607422]}