{"framework":"lit-html-v1.1.0-keyed","keyed":true,"benchmark":"03_update10th1k_x16","type":"cpu","min":230.174,"max":337.007,"mean":291.883,"median":288.3995,"geometricMean":289.38585919264176,"standardDeviation":39.802758112137575,"values":[230.174,247.385,257.779,274.461,281.409,295.39,324.616,334.045,336.564,337.007]}