{"framework":"lit-element-v2.4.0-non-keyed","keyed":false,"benchmark":"06_remove-one-1k","type":"cpu","min":69.382,"max":75.351,"mean":71.1378,"median":70.577,"geometricMean":71.11515608038742,"standardDeviation":1.9106779366962325,"values":[69.382,69.407,69.668,70.237,70.358,70.796,71.162,71.622,73.395,75.351]}