{"framework":"lit-html-v1.1.0-non-keyed","keyed":false,"benchmark":"02_replace1k","type":"cpu","min":61.366,"max":65.793,"mean":63.128499999999995,"median":63.095,"geometricMean":63.118308412682154,"standardDeviation":1.2014634825911286,"values":[61.366,62.148,62.218,62.836,62.993,63.197,63.205,63.575,63.954,65.793]}