{"framework":"lit-html-v1.1.0-non-keyed","keyed":false,"benchmark":"31_startup-ci","type":"startup","min":1957.7199999999998,"max":1981.67,"mean":1970.5475000000001,"median":1971.4,"geometricMean":1970.5246866782256,"standardDeviation":10.946024011789376,"values":[1977.305,1981.67,1957.7199999999998,1965.495]}