{"framework":"lit-element-v2.4.0-keyed","keyed":true,"benchmark":"08_create1k-after1k_x2","type":"cpu","min":411.63,"max":451.15,"mean":423.48720000000003,"median":416.5895,"geometricMean":423.29607401597957,"standardDeviation":13.546749120483975,"values":[411.63,411.7,414.713,415.046,416.234,416.945,427.679,428.341,441.434,451.15]}