{"framework":"lit-element-v2.4.0-non-keyed","keyed":false,"benchmark":"24_run5-memory","type":"memory","min":2.9497032165527344,"max":2.9536590576171875,"mean":2.9513931274414062,"median":2.950347900390625,"geometricMean":2.951392604197677,"standardDeviation":0.001965022729145664,"values":[2.9533958435058594,2.950347900390625,2.9497032165527344,2.9536590576171875,2.949859619140625]}