{"framework":"lit-element-v2.4.0-non-keyed","keyed":false,"benchmark":"21_ready-memory","type":"memory","min":1.1878738403320312,"max":1.1878738403320312,"mean":1.1878738403320312,"median":1.1878738403320312,"geometricMean":1.1878738403320312,"standardDeviation":null,"values":[1.1878738403320312]}