{"framework":"lit-html-v1.1.0-keyed","keyed":true,"benchmark":"09_clear1k_x8","type":"cpu","min":241.227,"max":286.622,"mean":265.1703,"median":265.56899999999996,"geometricMean":264.86571546434413,"standardDeviation":13.365929398204148,"values":[241.227,253.392,256.426,260.536,263.488,267.65,268.449,272.476,281.437,286.622]}