{"framework":"lit-element-v2.4.0-non-keyed","keyed":false,"benchmark":"25_run-clear-memory","type":"memory","min":2.5243606567382812,"max":2.5275726318359375,"mean":2.5251731872558594,"median":2.524555206298828,"geometricMean":2.5251728964163096,"standardDeviation":0.0013553185084240337,"values":[2.5244903564453125,2.524555206298828,2.5275726318359375,2.5248870849609375,2.5243606567382812]}