{"framework":"lit-html-v1.1.0-non-keyed","keyed":false,"benchmark":"23_update5-memory","type":"memory","min":2.8263893127441406,"max":2.8263893127441406,"mean":2.8263893127441406,"median":2.8263893127441406,"geometricMean":2.8263893127441406,"standardDeviation":null,"values":[2.8263893127441406]}