{"framework":"lit-element-v2.4.0-keyed","keyed":true,"benchmark":"31_startup-ci","type":"startup","min":2256.9524999999994,"max":2444.0599999999995,"mean":2351.9809999999998,"median":2353.45575,"geometricMean":2350.2002098920557,"standardDeviation":105.66045637559974,"values":[2442.84,2444.0599999999995,2264.0715,2256.9524999999994]}