{"framework":"lit-html-v1.1.0-non-keyed","keyed":false,"benchmark":"34_startup-totalbytes","type":"startup","min":154.939453125,"max":154.939453125,"mean":154.939453125,"median":154.939453125,"geometricMean":154.939453125,"standardDeviation":0,"values":[154.939453125,154.939453125,154.939453125,154.939453125]}