{"framework":"lit-html-v1.1.0-non-keyed","keyed":false,"benchmark":"04_select1k","type":"cpu","min":100.751,"max":172.747,"mean":156.18560000000002,"median":163.60000000000002,"geometricMean":154.5190169821635,"standardDeviation":21.82227875971404,"values":[100.751,143.935,151.181,153.987,161.436,165.764,168.296,171.652,172.107,172.747]}