{"framework":"lit-element-v2.4.0-non-keyed","keyed":false,"benchmark":"05_swap1k","type":"cpu","min":57.933,"max":72.097,"mean":62.860400000000006,"median":61.606,"geometricMean":62.69008750496905,"standardDeviation":5.014082129363257,"values":[57.933,58.999,59.281,60.848,61.587,61.625,62.036,62.348,71.85,72.097]}