{"framework":"lit-element-v2.4.0-non-keyed","keyed":false,"benchmark":"21_ready-memory","type":"memory","min":1.18780517578125,"max":1.18780517578125,"mean":1.18780517578125,"median":1.18780517578125,"geometricMean":1.18780517578125,"standardDeviation":null,"values":[1.18780517578125]}