{"framework":"lit-html-v1.1.0-keyed","keyed":true,"benchmark":"05_swap1k","type":"cpu","min":75.582,"max":95.438,"mean":89.9555,"median":91.5755,"geometricMean":89.77288600576183,"standardDeviation":5.830243529314289,"values":[75.582,86.101,87.938,90.285,91.074,92.077,92.586,93.566,94.908,95.438]}