{"framework":"lit-html-v1.1.0-keyed","keyed":true,"benchmark":"24_run5-memory","type":"memory","min":3.238311767578125,"max":3.2468605041503906,"mean":3.2432540893554687,"median":3.2446060180664062,"geometricMean":3.243252633383454,"standardDeviation":0.0034353362071570144,"values":[3.238311767578125,3.2446060180664062,3.2468605041503906,3.241252899169922,3.2452392578125]}