{"framework":"lit-element-v2.4.0-non-keyed","keyed":false,"benchmark":"23_update5-memory","type":"memory","min":3.180572509765625,"max":3.1939239501953125,"mean":3.1859588623046875,"median":3.184307098388672,"geometricMean":3.185954423117971,"standardDeviation":0.005947461096639369,"values":[3.180706024169922,3.1902847290039062,3.180572509765625,3.184307098388672,3.1939239501953125]}