{"framework":"lit-element-v2.4.0-keyed","keyed":true,"benchmark":"24_run5-memory","type":"memory","min":3.8752822875976562,"max":3.8752822875976562,"mean":3.8752822875976562,"median":3.8752822875976562,"geometricMean":3.8752822875976562,"standardDeviation":null,"values":[3.8752822875976562]}