{"framework":"lit-element-v2.4.0-non-keyed","keyed":false,"benchmark":"01_run1k","type":"cpu","min":200.414,"max":239.189,"mean":220.49360000000001,"median":221.90949999999998,"geometricMean":220.17107225575285,"standardDeviation":12.463366124589118,"values":[200.414,201.208,215.441,217.163,221.172,222.647,228.367,228.847,230.488,239.189]}