{"framework":"lit-element-v2.4.0-keyed","keyed":true,"benchmark":"01_run1k","type":"cpu","min":202.77,"max":234.599,"mean":219.03209999999999,"median":218.78300000000002,"geometricMean":218.80453478752574,"standardDeviation":10.512940020649683,"values":[202.77,204.414,214.844,217.452,218.319,219.247,221.706,222.664,234.306,234.599]}