{"framework":"lit-html-v1.1.0-non-keyed","keyed":false,"benchmark":"01_run1k","type":"cpu","min":185.286,"max":213.79,"mean":200.90820000000002,"median":202.9735,"geometricMean":200.66489046543848,"standardDeviation":10.357631848598942,"values":[185.286,186.189,192.433,197.137,200.585,205.362,206.449,210.062,211.789,213.79]}