{"framework":"lit-html-v1.1.0-keyed","keyed":true,"benchmark":"07_create10k","type":"cpu","min":1795.581,"max":1890.893,"mean":1836.5056,"median":1834.4589999999998,"geometricMean":1836.334657525727,"standardDeviation":26.473781907556955,"values":[1795.581,1815.32,1817.713,1822.923,1832.079,1836.839,1848.77,1850.386,1854.552,1890.893]}