{"framework":"lit-html-v1.1.0-keyed","keyed":true,"benchmark":"06_remove-one-1k","type":"cpu","min":40.528,"max":43.228,"mean":41.7473,"median":41.795500000000004,"geometricMean":41.73620411727584,"standardDeviation":1.0160610272572763,"values":[40.528,40.649,40.771,40.948,41.523,42.068,42.069,42.571,43.118,43.228]}