{"framework":"lit-html-v1.1.0-keyed","keyed":true,"benchmark":"08_create1k-after1k_x2","type":"cpu","min":376.158,"max":438.95,"mean":392.9578,"median":386.863,"geometricMean":392.50075541005583,"standardDeviation":20.4471008529055,"values":[376.158,378.651,380.17,383.896,386.493,387.233,388.058,388.751,421.218,438.95]}