{"framework":"lit-html-v1.1.0-keyed","keyed":true,"benchmark":"34_startup-totalbytes","type":"startup","min":157.09765625,"max":157.09765625,"mean":157.09765625,"median":157.09765625,"geometricMean":157.09765625,"standardDeviation":0,"values":[157.09765625,157.09765625,157.09765625,157.09765625]}