{"framework":"lit-html-v1.1.0-non-keyed","keyed":false,"benchmark":"03_update10th1k_x16","type":"cpu","min":189.183,"max":300.086,"mean":270.7643,"median":277.501,"geometricMean":268.630918394043,"standardDeviation":33.27124103837026,"values":[189.183,244.964,263.496,273.515,273.992,281.01,291.121,293.812,296.464,300.086]}