{"framework":"lit-element-v2.4.0-non-keyed","keyed":false,"benchmark":"22_run-memory","type":"memory","min":2.9853668212890625,"max":2.9853668212890625,"mean":2.9853668212890625,"median":2.9853668212890625,"geometricMean":2.9853668212890625,"standardDeviation":null,"values":[2.9853668212890625]}