{"framework":"lit-element-v2.4.0-keyed","keyed":true,"benchmark":"01_run1k","type":"cpu","min":225.447,"max":261.07,"mean":239.7839,"median":236.0695,"geometricMean":239.559077450076,"standardDeviation":11.068530249214561,"values":[225.447,232.362,232.943,233.575,235.76,236.379,239.246,245.808,255.249,261.07]}