{"framework":"lit-element-v2.4.0-non-keyed","keyed":false,"benchmark":"34_startup-totalbytes","type":"startup","min":172.8974609375,"max":172.9033203125,"mean":172.899169921875,"median":172.89794921875,"geometricMean":172.89916990481072,"standardDeviation":0.002804962229754897,"values":[172.9033203125,172.8974609375,172.8974609375,172.8984375]}