{"framework":"lit-html-v1.1.0-non-keyed","keyed":false,"benchmark":"05_swap1k","type":"cpu","min":45.499,"max":51.363,"mean":48.49130000000001,"median":48.5945,"geometricMean":48.45928227517334,"standardDeviation":1.8565466777505661,"values":[45.499,46.435,47.328,47.519,48.549,48.64,48.941,49.883,50.756,51.363]}