{"framework":"lit-element-v2.4.0-keyed","keyed":true,"benchmark":"24_run5-memory","type":"memory","min":3.4466171264648438,"max":3.6086692810058594,"mean":3.4809646606445312,"median":3.4497947692871094,"geometricMean":3.48038927749207,"standardDeviation":0.07140289517924239,"values":[3.449665069580078,3.4497947692871094,3.6086692810058594,3.4466171264648438,3.4500770568847656]}