{"framework":"lit-html-v1.1.0-non-keyed","keyed":false,"benchmark":"22_run-memory","type":"memory","min":2.470977783203125,"max":2.470977783203125,"mean":2.470977783203125,"median":2.470977783203125,"geometricMean":2.470977783203125,"standardDeviation":null,"values":[2.470977783203125]}