{"framework":"lit-html-v1.1.0-non-keyed","keyed":false,"benchmark":"23_update5-memory","type":"memory","min":2.8200607299804688,"max":2.8200607299804688,"mean":2.8200607299804688,"median":2.8200607299804688,"geometricMean":2.8200607299804688,"standardDeviation":null,"values":[2.8200607299804688]}