{"framework":"lit-element-v2.4.0-non-keyed","keyed":false,"benchmark":"05_swap1k","type":"cpu","min":53.345,"max":62.912,"mean":57.4573,"median":56.9985,"geometricMean":57.402585087019155,"standardDeviation":2.6676975528221583,"values":[62.912,56.024,58.357,53.345,57.146,55.729,56.851,57.242,56.372,60.595]}