{"framework":"lit-html-v1.1.0-non-keyed","keyed":false,"benchmark":"06_remove-one-1k","type":"cpu","min":62.5,"max":65.278,"mean":63.70270000000001,"median":63.8635,"geometricMean":63.698149212596306,"standardDeviation":0.8036137892185666,"values":[62.5,62.834,62.981,63.521,63.841,63.886,63.895,63.929,64.362,65.278]}