{"framework":"lit-element-v2.4.0-non-keyed","keyed":false,"benchmark":"03_update10th1k_x16","type":"cpu","min":156.427,"max":328.141,"mean":293.8494,"median":306.6035,"geometricMean":288.6344701059221,"standardDeviation":49.272756816182586,"values":[156.427,296.09,297.52,302.408,303.067,310.14,311.737,315.281,317.683,328.141]}