{"framework":"lit-html-v1.1.0-keyed","keyed":true,"benchmark":"22_run-memory","type":"memory","min":2.5171661376953125,"max":2.517589569091797,"mean":2.517377471923828,"median":2.5174331665039062,"geometricMean":2.5173774659378685,"standardDeviation":0.0001940927565448956,"values":[2.517181396484375,2.5174331665039062,2.517589569091797,2.51751708984375,2.5171661376953125]}