{"framework":"lit-element-v2.4.0-keyed","keyed":true,"benchmark":"32_startup-bt","type":"startup","min":16,"max":51.548,"mean":40.556,"median":47.337999999999994,"geometricMean":36.82932304155917,"standardDeviation":16.694953808461605,"values":[44.147999999999996,51.548,16,50.52799999999999]}