{"framework":"lit-html-v1.1.0-keyed","keyed":true,"benchmark":"02_replace1k","type":"cpu","min":191.804,"max":201.345,"mean":197.6424,"median":199.0645,"geometricMean":197.61282391498534,"standardDeviation":3.589118499018945,"values":[191.804,192.768,193.292,198.562,198.65,199.479,199.72,199.822,200.982,201.345]}