{"framework":"lit-element-v2.4.0-non-keyed","keyed":false,"benchmark":"23_update5-memory","type":"memory","min":3.2343711853027344,"max":3.2343711853027344,"mean":3.2343711853027344,"median":3.2343711853027344,"geometricMean":3.2343711853027344,"standardDeviation":null,"values":[3.2343711853027344]}