{"framework":"lit-element-v2.4.0-non-keyed","keyed":false,"benchmark":"08_create1k-after1k_x2","type":"cpu","min":427.079,"max":494.977,"mean":455.46789999999993,"median":453.9135,"geometricMean":454.9388615116417,"standardDeviation":23.249656759473528,"values":[427.079,430.822,431.339,443.744,450.794,457.033,463.163,471.373,484.355,494.977]}