{"framework":"lit-html-v1.1.0-non-keyed","keyed":false,"benchmark":"34_startup-totalbytes","type":"startup","min":154.3359375,"max":154.3359375,"mean":154.3359375,"median":154.3359375,"geometricMean":154.3359375,"standardDeviation":0,"values":[154.3359375,154.3359375,154.3359375,154.3359375]}