{"framework":"lit-element-v2.4.0-keyed","keyed":true,"benchmark":"21_ready-memory","type":"memory","min":1.138153076171875,"max":1.1383781433105469,"mean":1.1382476806640625,"median":1.1381912231445312,"geometricMean":1.1382476766718093,"standardDeviation":0.00010658649172754493,"values":[1.1383476257324219,1.1381683349609375,1.1381912231445312,1.1383781433105469,1.138153076171875]}