{"framework":"lit-html-v1.1.0-non-keyed","keyed":false,"benchmark":"03_update10th1k_x16","type":"cpu","min":245.424,"max":378.812,"mean":321.3677,"median":319.621,"geometricMean":319.23524458275983,"standardDeviation":38.27499850366497,"values":[245.424,296.65,298.738,315.603,315.858,323.384,327.97,339.235,372.003,378.812]}