{"framework":"lit-element-v2.4.0-keyed","keyed":true,"benchmark":"05_swap1k","type":"cpu","min":64.904,"max":98.348,"mean":91.22459999999998,"median":93.8935,"geometricMean":90.68126725336893,"standardDeviation":9.591135886848859,"values":[64.904,88.593,92.547,93.843,93.873,93.914,94.604,95.054,96.566,98.348]}