{"framework":"lit-html-v1.1.0-keyed","keyed":true,"benchmark":"01_run1k","type":"cpu","min":189.1,"max":213.243,"mean":202.0383,"median":201.187,"geometricMean":201.89830321704238,"standardDeviation":7.911115373672384,"values":[189.1,193.668,195.405,199.598,200.9,201.474,207.624,209.168,210.203,213.243]}