{"framework":"lit-html-v1.1.0-keyed","keyed":true,"benchmark":"21_ready-memory","type":"memory","min":1.1349296569824219,"max":1.1351547241210938,"mean":1.1350318908691406,"median":1.1349754333496094,"geometricMean":1.1350318868655658,"standardDeviation":0.00010658649172754491,"values":[1.1349754333496094,1.1351394653320312,1.1351547241210938,1.1349601745605469,1.1349296569824219]}