{"framework":"lit-html-v1.1.0-keyed","keyed":true,"benchmark":"04_select1k","type":"cpu","min":95.248,"max":173.391,"mean":153.44069999999996,"median":156.571,"geometricMean":151.69731232574523,"standardDeviation":21.66678071790495,"values":[95.248,151.321,152.284,154.469,155.159,157.983,161.236,166.606,166.71,173.391]}