{"framework":"lit-html-v1.1.0-non-keyed","keyed":false,"benchmark":"23_update5-memory","type":"memory","min":2.83502197265625,"max":2.8417320251464844,"mean":2.8402854919433596,"median":2.8415603637695312,"geometricMean":2.840284270714052,"standardDeviation":0.002943394800750083,"values":[2.8415756225585938,2.8417320251464844,2.83502197265625,2.8415603637695312,2.8415374755859375]}