{"framework":"lit-html-v1.1.0-non-keyed","keyed":false,"benchmark":"06_remove-one-1k","type":"cpu","min":66.689,"max":72.311,"mean":68.57390000000001,"median":68.1485,"geometricMean":68.55329843210531,"standardDeviation":1.7875545337446674,"values":[66.689,67.099,67.269,67.63,68.11,68.187,68.69,68.716,71.038,72.311]}