{"framework":"lit-html-v1.1.0-keyed","keyed":true,"benchmark":"25_run-clear-memory","type":"memory","min":2.5244369506835938,"max":2.5244369506835938,"mean":2.5244369506835938,"median":2.5244369506835938,"geometricMean":2.5244369506835938,"standardDeviation":null,"values":[2.5244369506835938]}