{"framework":"lit-element-v2.4.0-non-keyed","keyed":false,"benchmark":"25_run-clear-memory","type":"memory","min":2.5793113708496094,"max":2.5793113708496094,"mean":2.5793113708496094,"median":2.5793113708496094,"geometricMean":2.5793113708496094,"standardDeviation":null,"values":[2.5793113708496094]}