{"framework":"lit-html-v1.1.0-keyed","keyed":true,"benchmark":"23_update5-memory","type":"memory","min":2.8636741638183594,"max":2.8636741638183594,"mean":2.8636741638183594,"median":2.8636741638183594,"geometricMean":2.8636741638183594,"standardDeviation":null,"values":[2.8636741638183594]}