{"framework":"lit-html-v1.1.0-non-keyed","keyed":false,"benchmark":"09_clear1k_x8","type":"cpu","min":195.377,"max":258.309,"mean":231.0864,"median":228.417,"geometricMean":230.27623416733482,"standardDeviation":20.173161715507067,"values":[195.377,207.646,221.751,225.291,228.173,228.661,245.283,246.272,254.101,258.309]}