{"framework":"lit-element-v2.4.0-non-keyed","keyed":false,"benchmark":"04_select1k","type":"cpu","min":132.137,"max":175.704,"mean":154.66019999999997,"median":154.5615,"geometricMean":154.20692642439712,"standardDeviation":12.463362332140646,"values":[132.137,144.35,148.539,151.527,153.512,155.611,156.119,157.686,171.417,175.704]}