{"framework":"lit-html-v1.1.0-non-keyed","keyed":false,"benchmark":"25_run-clear-memory","type":"memory","min":2.5185928344726562,"max":2.5382118225097656,"mean":2.5243904113769533,"median":2.5222244262695312,"geometricMean":2.5243806096155224,"standardDeviation":0.007874936156603047,"values":[2.5382118225097656,2.5223464965820312,2.5205764770507812,2.5222244262695312,2.5185928344726562]}