{"framework":"lit-element-v2.4.0-non-keyed","keyed":false,"benchmark":"04_select1k","type":"cpu","min":80.993,"max":179.426,"mean":151.80599999999998,"median":163.85,"geometricMean":147.9366979335988,"standardDeviation":32.625563395731405,"values":[80.993,121.37,130.942,145.607,155.046,172.654,176.472,177.562,177.988,179.426]}