{"framework":"lit-html-v1.1.0-non-keyed","keyed":false,"benchmark":"22_run-memory","type":"memory","min":2.4861602783203125,"max":2.486461639404297,"mean":2.4863121032714846,"median":2.48626708984375,"geometricMean":2.486312100334092,"standardDeviation":0.00013512323278042117,"values":[2.486225128173828,2.486461639404297,2.4861602783203125,2.48626708984375,2.4864463806152344]}