{"framework":"lit-html-v1.1.0-keyed","keyed":true,"benchmark":"01_run1k","type":"cpu","min":195.839,"max":228.989,"mean":211.8739,"median":214.07,"geometricMean":211.4901404064629,"standardDeviation":13.406004156098614,"values":[195.839,196.323,196.981,200.174,213.55,214.59,221.721,225.229,225.343,228.989]}