{"framework":"lit-element-v2.4.0-keyed","keyed":true,"benchmark":"34_startup-totalbytes","type":"startup","min":176.84375,"max":176.845703125,"mean":176.844970703125,"median":176.84521484375,"geometricMean":176.84497070127125,"standardDeviation":0.0009349874099182989,"values":[176.845703125,176.8447265625,176.845703125,176.84375]}