{"framework":"lit-html-v1.1.0-non-keyed","keyed":false,"benchmark":"01_run1k","type":"cpu","min":196.614,"max":221.14,"mean":207.9862,"median":204.8555,"geometricMean":207.79928433621868,"standardDeviation":9.355051467285227,"values":[196.614,198.357,202.27,202.994,203.641,206.07,207.831,219.928,221.017,221.14]}