{"framework":"lit-element-v2.4.0-non-keyed","keyed":false,"benchmark":"24_run5-memory","type":"memory","min":2.9053382873535156,"max":2.9053382873535156,"mean":2.9053382873535156,"median":2.9053382873535156,"geometricMean":2.9053382873535156,"standardDeviation":null,"values":[2.9053382873535156]}