{"framework":"lit-html-v1.1.0-keyed","keyed":true,"benchmark":"25_run-clear-memory","type":"memory","min":2.5281906127929688,"max":2.5281906127929688,"mean":2.5281906127929688,"median":2.5281906127929688,"geometricMean":2.5281906127929688,"standardDeviation":null,"values":[2.5281906127929688]}