{"framework":"lit-element-v2.4.0-keyed","keyed":true,"benchmark":"22_run-memory","type":"memory","min":3.036029815673828,"max":3.036029815673828,"mean":3.036029815673828,"median":3.036029815673828,"geometricMean":3.036029815673828,"standardDeviation":null,"values":[3.036029815673828]}