{"framework":"lit-html-v1.1.0-keyed","keyed":true,"benchmark":"31_startup-ci","type":"startup","min":1960.915,"max":1991.225,"mean":1975.735,"median":1975.3999999999999,"geometricMean":1975.698168577345,"standardDeviation":13.931477547865,"values":[1967.5749999999998,1960.915,1991.225,1983.225]}