{"framework":"lit-element-v2.4.0-keyed","keyed":true,"benchmark":"09_clear1k_x8","type":"cpu","min":190.275,"max":249.579,"mean":223.513,"median":222.2735,"geometricMean":222.92993887988752,"standardDeviation":16.841172181426224,"values":[190.275,211.614,216.771,216.778,220.261,224.286,227.489,235.367,242.71,249.579]}