{"framework":"lit-html-v1.1.0-keyed","keyed":true,"benchmark":"21_ready-memory","type":"memory","min":1.1188583374023438,"max":1.1188583374023438,"mean":1.1188583374023438,"median":1.1188583374023438,"geometricMean":1.1188583374023438,"standardDeviation":null,"values":[1.1188583374023438]}