{"framework":"lit-element-v2.4.0-non-keyed","keyed":false,"benchmark":"08_create1k-after1k_x2","type":"cpu","min":400.83,"max":464.983,"mean":421.1255,"median":417.2665,"geometricMean":420.6582285536185,"standardDeviation":21.23418971716238,"values":[400.83,404.002,404.524,404.628,414.583,419.95,420.046,428.665,449.044,464.983]}