{"framework":"lit-element-v2.4.0-non-keyed","keyed":false,"benchmark":"05_swap1k","type":"cpu","min":44.494,"max":55.379,"mean":52.1971,"median":53.111,"geometricMean":52.107744213155215,"standardDeviation":3.1176587886140172,"values":[44.494,50.876,51.066,51.467,52.352,53.87,53.882,54.205,54.38,55.379]}