{"framework":"lit-element-v2.4.0-non-keyed","keyed":false,"benchmark":"31_startup-ci","type":"startup","min":2258.208,"max":2444.66,"mean":2394.0632499999997,"median":2436.6924999999997,"geometricMean":2392.741631196126,"standardDeviation":90.68006117986081,"values":[2444.66,2433.74,2439.6449999999995,2258.208]}