{"framework":"lit-element-v2.4.0-keyed","keyed":true,"benchmark":"09_clear1k_x8","type":"cpu","min":134.265,"max":242.563,"mean":190.75860000000003,"median":203.137,"geometricMean":186.89829517742652,"standardDeviation":38.55419842593886,"values":[210.909,134.265,203.043,242.563,212.944,134.279,202.932,203.231,219.1,144.32]}