{"framework":"lit-element-v2.4.0-keyed","keyed":true,"benchmark":"25_run-clear-memory","type":"memory","min":2.538463592529297,"max":2.544788360595703,"mean":2.541912841796875,"median":2.541046142578125,"geometricMean":2.5419116895482414,"standardDeviation":0.0027059562515319067,"values":[2.538463592529297,2.544788360595703,2.541046142578125,2.5407180786132812,2.5445480346679688]}