{"framework":"lit-html-v1.1.0-non-keyed","keyed":false,"benchmark":"31_startup-ci","type":"startup","min":1966.9,"max":1985.17,"mean":1979.09375,"median":1982.1525,"geometricMean":1979.0806100407985,"standardDeviation":8.317318653468366,"values":[1966.9,1980.8849999999998,1983.42,1985.17]}