{"framework":"lit-element-v2.4.0-non-keyed","keyed":false,"benchmark":"22_run-memory","type":"memory","min":2.9899215698242188,"max":2.9899215698242188,"mean":2.9899215698242188,"median":2.9899215698242188,"geometricMean":2.9899215698242188,"standardDeviation":null,"values":[2.9899215698242188]}