{"framework":"lit-element-v2.4.0-keyed","keyed":true,"benchmark":"32_startup-bt","type":"startup","min":18.116,"max":51.94399999999998,"mean":42.47299999999999,"median":49.91599999999999,"geometricMean":39.12148953223784,"standardDeviation":16.31489769096535,"values":[48.37199999999998,51.46,18.116,51.94399999999998]}