{"framework":"lit-html-v1.1.0-non-keyed","keyed":false,"benchmark":"21_ready-memory","type":"memory","min":1.1164588928222656,"max":1.1164588928222656,"mean":1.1164588928222656,"median":1.1164588928222656,"geometricMean":1.1164588928222656,"standardDeviation":null,"values":[1.1164588928222656]}