{"framework":"lit-element-v2.4.0-keyed","keyed":true,"benchmark":"21_ready-memory","type":"memory","min":1.1902885437011719,"max":1.1902885437011719,"mean":1.1902885437011719,"median":1.1902885437011719,"geometricMean":1.1902885437011719,"standardDeviation":null,"values":[1.1902885437011719]}