{"framework":"lit-html-v1.1.0-keyed","keyed":true,"benchmark":"09_clear1k_x8","type":"cpu","min":199.712,"max":244.074,"mean":225.8004,"median":228.022,"geometricMean":225.46195101296462,"standardDeviation":12.846251249121499,"values":[199.712,211.445,220.877,223.348,225.907,230.137,232.406,234.397,235.701,244.074]}