{"framework":"lit-html-v1.1.0-keyed","keyed":true,"benchmark":"23_update5-memory","type":"memory","min":2.88397216796875,"max":2.8843650817871094,"mean":2.8841339111328126,"median":2.8840599060058594,"geometricMean":2.8841339068748733,"standardDeviation":0.00017521880820507937,"values":[2.8842735290527344,2.8839988708496094,2.8840599060058594,2.88397216796875,2.8843650817871094]}