{"framework":"lit-html-v1.1.0-non-keyed","keyed":false,"benchmark":"08_create1k-after1k_x2","type":"cpu","min":370.132,"max":466.978,"mean":430.38469999999995,"median":430.1675,"geometricMean":429.5569294052114,"standardDeviation":27.61659032397414,"values":[370.132,414.545,419.62,420.02,425.924,434.411,441.382,453.171,457.664,466.978]}