{"framework":"lit-html-v1.1.0-non-keyed","keyed":false,"benchmark":"21_ready-memory","type":"memory","min":1.1325149536132812,"max":1.1327857971191406,"mean":1.13270263671875,"median":1.1327323913574219,"geometricMean":1.1327026326320484,"standardDeviation":0.00010757175739754985,"values":[1.1325149536132812,1.1327247619628906,1.1327857971191406,1.1327323913574219,1.1327552795410156]}