{"framework":"lit-element-v2.4.0-non-keyed","keyed":false,"benchmark":"03_update10th1k_x16","type":"cpu","min":274.442,"max":381.806,"mean":337.98969999999997,"median":344.07550000000003,"geometricMean":335.95901985710304,"standardDeviation":38.253999782303076,"values":[274.442,283.867,318.888,319.038,339.226,348.925,362.25,375.066,376.389,381.806]}