{"framework":"lit-html-v1.1.0-non-keyed","keyed":false,"benchmark":"07_create10k","type":"cpu","min":1672.98,"max":1887.385,"mean":1758.6332000000002,"median":1742.6845,"geometricMean":1757.6894787638917,"standardDeviation":61.29815455587187,"values":[1672.98,1721.057,1725.456,1725.975,1741.814,1743.555,1755.627,1781.022,1831.461,1887.385]}