{"framework":"lit-element-v2.4.0-keyed","keyed":true,"benchmark":"03_update10th1k_x16","type":"cpu","min":180.286,"max":395.434,"mean":307.1332,"median":327.1195,"geometricMean":298.46690102087894,"standardDeviation":71.80868982357065,"values":[180.286,202.994,271.352,287.682,320.711,333.528,341.474,356.323,381.548,395.434]}