{"framework":"lit-html-v1.1.0-keyed","keyed":true,"benchmark":"21_ready-memory","type":"memory","min":1.1186485290527344,"max":1.1186485290527344,"mean":1.1186485290527344,"median":1.1186485290527344,"geometricMean":1.1186485290527344,"standardDeviation":null,"values":[1.1186485290527344]}