{"framework":"lit-element-v2.4.0-keyed","keyed":true,"benchmark":"06_remove-one-1k","type":"cpu","min":42.253,"max":46.626,"mean":43.9628,"median":43.583,"geometricMean":43.94057549518674,"standardDeviation":1.4809129916672643,"values":[42.253,42.296,42.94,43.036,43.321,43.845,44.495,45.132,45.684,46.626]}