{"framework":"lit-element-v2.4.0-keyed","keyed":true,"benchmark":"04_select1k","type":"cpu","min":122.293,"max":174.197,"mean":159.3768,"median":164.091,"geometricMean":158.6632681224162,"standardDeviation":15.052643494674872,"values":[122.293,148.678,156.292,157.787,163.273,164.909,167.335,168.137,170.867,174.197]}