{"framework":"lit-html-v1.1.0-non-keyed","keyed":false,"benchmark":"24_run5-memory","type":"memory","min":2.5860671997070312,"max":2.5860671997070312,"mean":2.5860671997070312,"median":2.5860671997070312,"geometricMean":2.5860671997070312,"standardDeviation":null,"values":[2.5860671997070312]}