{"framework":"lit-html-v1.1.0-keyed","keyed":true,"benchmark":"02_replace1k","type":"cpu","min":181.286,"max":190.605,"mean":185.6276,"median":185.3985,"geometricMean":185.60547794356097,"standardDeviation":3.0234466057428175,"values":[181.286,182.994,183.307,183.633,183.72,187.077,187.357,187.475,188.822,190.605]}