{"framework":"lit-element-v2.4.0-non-keyed","keyed":false,"benchmark":"02_replace1k","type":"cpu","min":62.249,"max":64.95,"mean":63.6409,"median":63.686,"geometricMean":63.63592531940722,"standardDeviation":0.8381887151603882,"values":[62.249,62.532,63.26,63.459,63.602,63.77,63.924,64.006,64.657,64.95]}