{"framework":"lit-element-v2.4.0-non-keyed","keyed":false,"benchmark":"25_run-clear-memory","type":"memory","min":2.579296112060547,"max":2.579296112060547,"mean":2.579296112060547,"median":2.579296112060547,"geometricMean":2.579296112060547,"standardDeviation":null,"values":[2.579296112060547]}