{"framework":"lit-element-v2.4.0-keyed","keyed":true,"benchmark":"08_create1k-after1k_x2","type":"cpu","min":424.172,"max":508.816,"mean":456.1929,"median":453.337,"geometricMean":455.5180876819118,"standardDeviation":26.41596735330945,"values":[424.172,433.45,434.001,437.341,441.858,464.816,467.433,473.377,476.665,508.816]}