{"framework":"lit-element-v2.4.0-non-keyed","keyed":false,"benchmark":"07_create10k","type":"cpu","min":1896.977,"max":1965.914,"mean":1934.6912999999997,"median":1933.1635,"geometricMean":1934.5311208468506,"standardDeviation":26.225116841387845,"values":[1896.977,1899.898,1919.286,1919.499,1923.706,1942.621,1955.61,1957.597,1965.805,1965.914]}