{"framework":"lit-element-v2.4.0-keyed","keyed":true,"benchmark":"31_startup-ci","type":"startup","min":2556.7149999999997,"max":2565.76,"mean":2561.25875,"median":2561.28,"geometricMean":2561.2566933465096,"standardDeviation":3.7479002454709818,"values":[2565.76,2556.7149999999997,2562.065,2560.4950000000003]}