{"framework":"lit-element-v2.4.0-keyed","keyed":true,"benchmark":"25_run-clear-memory","type":"memory","min":2.566333770751953,"max":2.566333770751953,"mean":2.566333770751953,"median":2.566333770751953,"geometricMean":2.566333770751953,"standardDeviation":null,"values":[2.566333770751953]}