{"framework":"lit-element-v2.4.0-keyed","keyed":true,"benchmark":"34_startup-totalbytes","type":"startup","min":176.84375,"max":176.8447265625,"mean":176.843994140625,"median":176.84375,"geometricMean":176.84399414011943,"standardDeviation":0.00048828125,"values":[176.84375,176.84375,176.8447265625,176.84375]}