{"framework":"lit-element-v2.4.0-non-keyed","keyed":false,"benchmark":"09_clear1k_x8","type":"cpu","min":217.743,"max":261.7,"mean":235.3982,"median":229.587,"geometricMean":234.95296716121112,"standardDeviation":15.422316318316849,"values":[217.743,220.656,224.35,225.193,228.581,230.593,240.141,249.707,255.318,261.7]}