{"framework":"lit-html-v1.1.0-keyed","keyed":true,"benchmark":"05_swap1k","type":"cpu","min":63.035,"max":102.197,"mean":91.18389999999998,"median":95.311,"geometricMean":90.26059558402785,"standardDeviation":12.721957051142374,"values":[63.035,73.82,91.916,92.752,95.238,95.384,96.205,100.387,100.905,102.197]}