{"framework":"lit-element-v2.4.0-non-keyed","keyed":false,"benchmark":"34_startup-totalbytes","type":"startup","min":174.671875,"max":174.6748046875,"mean":174.673095703125,"median":174.6728515625,"geometricMean":174.67309569851832,"standardDeviation":0.00146484375,"values":[174.671875,174.673828125,174.671875,174.6748046875]}