{"framework":"lit-element-v2.4.0-non-keyed","keyed":false,"benchmark":"06_remove-one-1k","type":"cpu","min":67.375,"max":68.794,"mean":68.0693,"median":68.06299999999999,"geometricMean":68.06768859852536,"standardDeviation":0.49387426425041375,"values":[67.375,67.602,67.664,67.711,67.85,68.276,68.341,68.354,68.726,68.794]}