{"framework":"lit-html-v1.1.0-non-keyed","keyed":false,"benchmark":"24_run5-memory","type":"memory","min":2.5859642028808594,"max":2.5859642028808594,"mean":2.5859642028808594,"median":2.5859642028808594,"geometricMean":2.5859642028808594,"standardDeviation":null,"values":[2.5859642028808594]}