{"framework":"lit-element-v2.4.0-keyed","keyed":true,"benchmark":"23_update5-memory","type":"memory","min":3.283641815185547,"max":3.283641815185547,"mean":3.283641815185547,"median":3.283641815185547,"geometricMean":3.283641815185547,"standardDeviation":null,"values":[3.283641815185547]}