{"framework":"lit-element-v2.4.0-keyed","keyed":true,"benchmark":"02_replace1k","type":"cpu","min":198.994,"max":215.673,"mean":206.5278,"median":207.563,"geometricMean":206.45987560592937,"standardDeviation":5.588490390476165,"values":[198.994,199.529,201.73,203.41,207.348,207.778,208.623,208.795,213.398,215.673]}