{"framework":"lit-element-v2.4.0-non-keyed","keyed":false,"benchmark":"01_run1k","type":"cpu","min":211.847,"max":242.102,"mean":228.88930000000005,"median":233.09949999999998,"geometricMean":228.58723206990803,"standardDeviation":12.313338802110316,"values":[211.847,212.586,214.683,223.206,230.671,235.528,235.877,240.638,241.755,242.102]}