{"framework":"lit-element-v2.4.0-non-keyed","keyed":false,"benchmark":"22_run-memory","type":"memory","min":2.8339920043945312,"max":2.8407211303710938,"mean":2.837180328369141,"median":2.8368377685546875,"geometricMean":2.837179151771348,"standardDeviation":0.002888985866648992,"values":[2.8368377685546875,2.8348770141601562,2.8394737243652344,2.8339920043945312,2.8407211303710938]}