{"framework":"lit-element-v2.4.0-keyed","keyed":true,"benchmark":"02_replace1k","type":"cpu","min":190.885,"max":210.236,"mean":198.07290000000003,"median":197.003,"geometricMean":197.95212446521492,"standardDeviation":7.314996095540844,"values":[190.885,191.2,191.466,191.652,192.19,201.816,202.159,204.166,204.959,210.236]}