{"framework":"lit-html-v1.1.0-keyed","keyed":true,"benchmark":"07_create10k","type":"cpu","min":1726.884,"max":1793.274,"mean":1755.9551,"median":1750.2530000000002,"geometricMean":1755.819836242531,"standardDeviation":23.01553700075957,"values":[1726.884,1733.566,1736.577,1744.548,1746.595,1753.911,1760.142,1776.836,1787.218,1793.274]}