{"framework":"lit-html-v1.1.0-non-keyed","keyed":false,"benchmark":"03_update10th1k_x16","type":"cpu","min":242.837,"max":366.559,"mean":316.265,"median":315.3415,"geometricMean":314.5620909188864,"standardDeviation":33.45859674284026,"values":[343.122,335.378,302.261,307.248,313.818,337.051,366.559,316.865,297.511,242.837]}