{"framework":"lit-element-v2.4.0-keyed","keyed":true,"benchmark":"31_startup-ci","type":"startup","min":2261.5650000000005,"max":2447.74,"mean":2393.675,"median":2432.6974999999998,"geometricMean":2392.421016879143,"standardDeviation":88.36559973579426,"values":[2447.74,2431.3099999999995,2261.5650000000005,2434.085]}