{"framework":"lit-element-v2.4.0-non-keyed","keyed":false,"benchmark":"24_run5-memory","type":"memory","min":2.9053955078125,"max":2.9053955078125,"mean":2.9053955078125,"median":2.9053955078125,"geometricMean":2.9053955078125,"standardDeviation":null,"values":[2.9053955078125]}