{"framework":"lit-html-v1.1.0-non-keyed","keyed":false,"benchmark":"07_create10k","type":"cpu","min":1773.307,"max":2024.948,"mean":1892.4037,"median":1893.2440000000001,"geometricMean":1891.0158858421378,"standardDeviation":76.3816602814082,"values":[1773.307,1799.216,1837.57,1869.492,1888.719,1897.769,1931.468,1941.908,1959.64,2024.948]}