{"framework":"lit-html-v1.1.0-keyed","keyed":true,"benchmark":"08_create1k-after1k_x2","type":"cpu","min":411.232,"max":483.571,"mean":446.7384,"median":447.332,"geometricMean":446.0940147795376,"standardDeviation":25.296052881384036,"values":[411.232,422.535,424.555,424.799,442.075,452.589,463.509,466.643,475.876,483.571]}