{"framework":"lit-element-v2.4.0-non-keyed","keyed":false,"benchmark":"09_clear1k_x8","type":"cpu","min":186.966,"max":235.05,"mean":209.825,"median":207.3005,"geometricMean":209.23355947828708,"standardDeviation":16.64651037838795,"values":[186.966,194.147,196.532,198.033,200.284,214.317,221.257,222.732,228.932,235.05]}