{"framework":"lit-html-v1.1.0-non-keyed","keyed":false,"benchmark":"01_run1k","type":"cpu","min":178.845,"max":217.971,"mean":194.5953,"median":190.5645,"geometricMean":194.30896860564687,"standardDeviation":11.283257932293612,"values":[207.358,217.971,201.071,178.845,189.312,189.265,191.817,193.855,187.577,188.882]}