{"framework":"lit-element-v2.4.0-keyed","keyed":true,"benchmark":"05_swap1k","type":"cpu","min":90.551,"max":110.456,"mean":103.98240000000001,"median":104.1635,"geometricMean":103.83588591607797,"standardDeviation":5.685682431433462,"values":[90.551,100.702,102.413,103.74,103.9,104.427,106.134,107.162,110.339,110.456]}