{"framework":"lit-html-v1.1.0-non-keyed","keyed":false,"benchmark":"05_swap1k","type":"cpu","min":39.176,"max":55.816,"mean":51.244600000000005,"median":51.3865,"geometricMean":51.02268141665132,"standardDeviation":4.747215867104516,"values":[39.176,49.704,50.747,51.291,51.351,51.422,52.495,54.771,55.673,55.816]}