{"framework":"lit-element-v2.4.0-non-keyed","keyed":false,"benchmark":"21_ready-memory","type":"memory","min":1.135711669921875,"max":1.1359214782714844,"mean":1.1358482360839843,"median":1.1358604431152344,"geometricMean":1.135848233656361,"standardDeviation":0.00008302555175171906,"values":[1.1358604431152344,1.1359062194824219,1.1359214782714844,1.1358413696289062,1.135711669921875]}