{"framework":"lit-element-v2.4.0-keyed","keyed":true,"benchmark":"07_create10k","type":"cpu","min":1931.054,"max":2073.719,"mean":1986.7364000000002,"median":1980.6799999999998,"geometricMean":1986.3653917820413,"standardDeviation":40.69576855207976,"values":[1931.054,1948.052,1966.208,1976.413,1978.145,1983.215,1983.226,1995.426,2031.906,2073.719]}