{"framework":"lit-html-v1.1.0-non-keyed","keyed":false,"benchmark":"08_create1k-after1k_x2","type":"cpu","min":374.675,"max":435.558,"mean":399.6247,"median":400.4205,"geometricMean":399.1791318930759,"standardDeviation":19.98021769456534,"values":[374.675,379.533,381.281,382.956,398.281,402.56,408.523,414.698,418.182,435.558]}