{"framework":"lit-html-v1.1.0-non-keyed","keyed":false,"benchmark":"09_clear1k_x8","type":"cpu","min":161.818,"max":222.367,"mean":205.504,"median":208.93,"geometricMean":204.74279857936557,"standardDeviation":17.74598012070464,"values":[161.818,191.738,204.995,205.18,206.387,211.473,213.731,218.168,219.183,222.367]}