{"framework":"lit-html-v1.1.0-non-keyed","keyed":false,"benchmark":"21_ready-memory","type":"memory","min":1.1162185668945312,"max":1.1162185668945312,"mean":1.1162185668945312,"median":1.1162185668945312,"geometricMean":1.1162185668945312,"standardDeviation":null,"values":[1.1162185668945312]}