{"framework":"lit-html-v1.1.0-keyed","keyed":true,"benchmark":"31_startup-ci","type":"startup","min":1979.3649999999998,"max":1990.0099999999998,"mean":1985.29875,"median":1985.9099999999999,"geometricMean":1985.294888132887,"standardDeviation":4.520419182258811,"values":[1987.165,1979.3649999999998,1984.655,1990.0099999999998]}