{"framework":"lit-html-v1.1.0-non-keyed","keyed":false,"benchmark":"04_select1k","type":"cpu","min":86.31,"max":148.182,"mean":124.94599999999998,"median":130.8265,"geometricMean":123.21222778702631,"standardDeviation":20.596400904580932,"values":[86.31,91.82,118.253,129.176,130.398,131.255,135.073,135.642,143.351,148.182]}