{"framework":"lit-element-v2.4.0-non-keyed","keyed":false,"benchmark":"32_startup-bt","type":"startup","min":16,"max":60.879999999999995,"mean":28.509,"median":18.578,"geometricMean":23.962771243554304,"standardDeviation":21.717108555238195,"values":[16,21.156,16,60.879999999999995]}