{"framework":"lit-html-v1.1.0-keyed","keyed":true,"benchmark":"07_create10k","type":"cpu","min":1557.16,"max":1828.226,"mean":1715.7707000000003,"median":1756.1025,"geometricMean":1712.5931576539365,"standardDeviation":109.26298383467092,"values":[1731.094,1828.226,1604,1781.111,1557.16,1789.326,1636.912,1824.322,1582.58,1822.976]}