{"framework":"lit-element-v2.4.0-keyed","keyed":true,"benchmark":"09_clear1k_x8","type":"cpu","min":252.269,"max":299.036,"mean":276.18580000000003,"median":282.6645,"geometricMean":275.68737848130354,"standardDeviation":17.398585739459783,"values":[252.269,255.31,257.323,263.457,282.243,283.086,284.854,290.126,294.154,299.036]}