{"framework":"lit-html-v1.1.0-keyed","keyed":true,"benchmark":"03_update10th1k_x16","type":"cpu","min":171.714,"max":424.796,"mean":355.02119999999996,"median":366.6905,"geometricMean":346.0220962321539,"standardDeviation":71.84398244158425,"values":[171.714,334.602,341.011,344.401,346.337,387.044,394.608,400.123,405.576,424.796]}