{"framework":"react-v16.8.6-non-keyed","keyed":false,"benchmark":"07_create10k","type":"cpu","min":2364.932,"max":2675.459,"mean":2586.5838999999996,"median":2618.16,"geometricMean":2584.872420344029,"standardDeviation":97.53413696234209,"values":[2473.269,2364.932,2632.297,2580.71,2664.965,2657.066,2580.008,2675.459,2633.11,2604.023]}