{"framework":"react-v16.8.6-non-keyed","keyed":false,"benchmark":"32_startup-bt","type":"startup","min":70.52399999999999,"max":83.944,"mean":77.61,"median":77.98599999999999,"geometricMean":77.46196534714011,"standardDeviation":5.5008270893263616,"values":[70.52399999999999,78.27199999999998,83.944,77.7]}