{"framework":"react-v16.8.6-non-keyed","keyed":false,"benchmark":"03_update10th1k_x16","type":"cpu","min":235.549,"max":436.033,"mean":387.95,"median":404.198,"geometricMean":383.21641696289515,"standardDeviation":56.30603050591768,"values":[235.549,377.569,384.796,391.746,397.98,410.416,411.029,414.441,419.941,436.033]}