{"framework":"react-v16.8.6-non-keyed","keyed":false,"benchmark":"31_startup-ci","type":"startup","min":2607.565,"max":2682.395,"mean":2627.6312500000004,"median":2610.2825000000003,"geometricMean":2627.4419363217876,"standardDeviation":36.58714741886819,"values":[2607.565,2612.7500000000005,2682.395,2607.815]}