{"framework":"react-v16.8.6-non-keyed","keyed":false,"benchmark":"21_ready-memory","type":"memory","min":1.3048782348632812,"max":1.3048782348632812,"mean":1.3048782348632812,"median":1.3048782348632812,"geometricMean":1.3048782348632812,"standardDeviation":null,"values":[1.3048782348632812]}