{"framework":"react-hooks-v16.8.6-keyed","keyed":true,"benchmark":"25_run-clear-memory","type":"memory","min":3.148815155029297,"max":3.1554298400878906,"mean":3.1534713745117187,"median":3.1546897888183594,"geometricMean":3.153470392324534,"standardDeviation":0.0027818659866425247,"values":[3.15301513671875,3.1546897888183594,3.1554298400878906,3.155406951904297,3.148815155029297]}