{"framework":"react-mobX-v16.13.1 + 5.15.4-keyed","keyed":true,"benchmark":"25_run-clear-memory","type":"memory","min":4.2635498046875,"max":4.280982971191406,"mean":4.271772003173828,"median":4.271636962890625,"geometricMean":4.2717684117140635,"standardDeviation":0.006193823055012481,"values":[4.270786285400391,4.280982971191406,4.2635498046875,4.271903991699219,4.271636962890625]}