{"framework":"react-v16.8.6-keyed","keyed":true,"benchmark":"25_run-clear-memory","type":"memory","min":3.688262939453125,"max":3.6905860900878906,"mean":3.68951416015625,"median":3.689922332763672,"geometricMean":3.6895140552210197,"standardDeviation":0.0009837962989340291,"values":[3.688262939453125,3.690093994140625,3.6905860900878906,3.689922332763672,3.6887054443359375]}