{"framework":"react-v16.8.6-non-keyed","keyed":false,"benchmark":"22_run-memory","type":"memory","min":4.380680084228516,"max":4.380764007568359,"mean":4.380708312988281,"median":4.380702972412109,"geometricMean":4.380708312888894,"standardDeviation":0.000032992169663146446,"values":[4.380680084228516,4.380687713623047,4.380706787109375,4.380764007568359,4.380702972412109]}