{"framework":"react-v16.8.6-non-keyed","keyed":false,"benchmark":"06_remove-one-1k","type":"cpu","min":69.919,"max":72.568,"mean":70.9695,"median":70.721,"geometricMean":70.96431370902053,"standardDeviation":0.906308293144348,"values":[69.919,70.197,70.204,70.292,70.491,70.951,71.339,71.627,72.107,72.568]}