{"framework":"react-mobX-v16.13.1 + 5.15.4-non-keyed","keyed":false,"benchmark":"23_update5-memory","type":"memory","min":6.196800231933594,"max":6.197994232177734,"mean":6.197601318359375,"median":6.1977691650390625,"geometricMean":6.197601304431732,"standardDeviation":0.00046452456874081254,"values":[6.197994232177734,6.1977691650390625,6.197650909423828,6.197792053222656,6.196800231933594]}