{"framework":"react-v16.8.6-non-keyed","keyed":false,"benchmark":"02_replace1k","type":"cpu","min":72.42,"max":78.389,"mean":75.7105,"median":75.678,"geometricMean":75.6895815434287,"standardDeviation":1.8721045347119056,"values":[72.42,73.528,74.633,75.467,75.51,75.846,76.138,77.217,77.957,78.389]}