{"framework":"react-hooks-v16.8.6-non-keyed","keyed":false,"benchmark":"23_update5-memory","type":"memory","min":4.877239227294922,"max":4.882179260253906,"mean":4.879112243652344,"median":4.878116607666016,"geometricMean":4.879111849532963,"standardDeviation":0.002192727674577718,"values":[4.878116607666016,4.877384185791016,4.880641937255859,4.877239227294922,4.882179260253906]}