{"framework":"react-v16.8.6-non-keyed","keyed":false,"benchmark":"04_select1k","type":"cpu","min":221.625,"max":265.157,"mean":246.15869999999995,"median":245.9865,"geometricMean":245.66494293984812,"standardDeviation":16.385123510537095,"values":[221.625,230.191,230.654,234.847,242.459,249.514,259.474,262.59,265.076,265.157]}