{"framework":"react-hooks-v16.8.6-non-keyed","keyed":false,"benchmark":"25_run-clear-memory","type":"memory","min":3.1526718139648438,"max":3.1551589965820312,"mean":3.1539329528808593,"median":3.1538734436035156,"geometricMean":3.1539328532043536,"standardDeviation":0.0008865236619674658,"values":[3.1538352966308594,3.154125213623047,3.1538734436035156,3.1526718139648438,3.1551589965820312]}