{"framework":"react-v16.8.6-non-keyed","keyed":false,"benchmark":"34_startup-totalbytes","type":"startup","min":261.138671875,"max":261.138671875,"mean":261.138671875,"median":261.138671875,"geometricMean":261.138671875,"standardDeviation":0,"values":[261.138671875,261.138671875,261.138671875,261.138671875]}