{"framework":"react-v16.8.6-non-keyed","keyed":false,"benchmark":"21_ready-memory","type":"memory","min":1.3237228393554688,"max":1.3237457275390625,"mean":1.3237396240234376,"median":1.3237419128417969,"geometricMean":1.3237396239957349,"standardDeviation":0.000009574814146431834,"values":[1.3237419128417969,1.3237457275390625,1.3237228393554688,1.3237419128417969,1.3237457275390625]}