{"framework":"react-v16.8.6-non-keyed","keyed":false,"benchmark":"25_run-clear-memory","type":"memory","min":3.6382904052734375,"max":3.6382904052734375,"mean":3.6382904052734375,"median":3.6382904052734375,"geometricMean":3.6382904052734375,"standardDeviation":null,"values":[3.6382904052734375]}