{"framework":"react-v16.8.6-non-keyed","keyed":false,"benchmark":"06_remove-one-1k","type":"cpu","min":77.74,"max":79.764,"mean":78.6496,"median":78.6615,"geometricMean":78.64719511505275,"standardDeviation":0.6486344973181044,"values":[77.74,77.931,77.995,78.518,78.569,78.754,78.759,79.083,79.383,79.764]}