{"framework":"react-v16.8.6-non-keyed","keyed":false,"benchmark":"23_update5-memory","type":"memory","min":5.148212432861328,"max":5.153064727783203,"mean":5.151275634765625,"median":5.152385711669922,"geometricMean":5.151275317570867,"standardDeviation":0.0020209436626411888,"values":[5.153064727783203,5.148212432861328,5.152385711669922,5.152477264404297,5.150238037109375]}