{"framework":"react-mobX-v16.13.1 + 5.15.4-keyed","keyed":true,"benchmark":"24_run5-memory","type":"memory","min":7.492221832275391,"max":7.4963531494140625,"mean":7.494436645507813,"median":7.494785308837891,"geometricMean":7.494436523993677,"standardDeviation":0.0015088456260547304,"values":[7.4963531494140625,7.493961334228516,7.494861602783203,7.492221832275391,7.494785308837891]}