{"framework":"react-mobX-v16.13.1 + 5.15.4-non-keyed","keyed":false,"benchmark":"21_ready-memory","type":"memory","min":1.5664215087890625,"max":1.5664253234863281,"mean":1.5664222717285157,"median":1.5664215087890625,"geometricMean":1.5664222717277725,"standardDeviation":0.0000017059844799040143,"values":[1.5664215087890625,1.5664253234863281,1.5664215087890625,1.5664215087890625,1.5664215087890625]}