{"framework":"react-v16.8.6-non-keyed","keyed":false,"benchmark":"05_swap1k","type":"cpu","min":61.481,"max":73.358,"mean":65.812,"median":65.074,"geometricMean":65.7050515839273,"standardDeviation":3.9997104617431734,"values":[61.481,62.245,62.282,63.059,63.519,66.629,66.972,67.858,70.717,73.358]}