{"framework":"react-v16.8.6-non-keyed","keyed":false,"benchmark":"05_swap1k","type":"cpu","min":56.065,"max":58.352,"mean":57.3507,"median":57.294,"geometricMean":57.345111874672064,"standardDeviation":0.8429991498611765,"values":[56.065,56.219,56.854,57.012,57.015,57.573,57.926,58.203,58.288,58.352]}