{"framework":"react-mobX-v16.13.1 + 5.15.4-keyed","keyed":true,"benchmark":"23_update5-memory","type":"memory","min":6.196895599365234,"max":6.1983642578125,"mean":6.197600555419922,"median":6.19769287109375,"geometricMean":6.197600535921663,"standardDeviation":0.000549643472154046,"values":[6.196895599365234,6.1983642578125,6.19769287109375,6.197757720947266,6.197292327880859]}