{"framework":"react-mobX-v16.13.1 + 5.15.4-non-keyed","keyed":false,"benchmark":"25_run-clear-memory","type":"memory","min":4.2711029052734375,"max":4.282478332519531,"mean":4.273873901367187,"median":4.271675109863281,"geometricMean":4.273871708767441,"standardDeviation":0.004842540395015753,"values":[4.282478332519531,4.271675109863281,4.271488189697266,4.272624969482422,4.2711029052734375]}