{"framework":"react-v16.8.6-non-keyed","keyed":false,"benchmark":"08_create1k-after1k_x2","type":"cpu","min":492.384,"max":594.216,"mean":556.4172000000001,"median":568.5735,"geometricMean":555.4279803475151,"standardDeviation":34.3422343633414,"values":[492.384,504.172,540.857,558.325,566.564,570.583,572.118,572.43,592.523,594.216]}