{"framework":"react-v16.8.6-non-keyed","keyed":false,"benchmark":"02_replace1k","type":"cpu","min":64.337,"max":70.236,"mean":66.5265,"median":66.2675,"geometricMean":66.50300688927857,"standardDeviation":1.8728107960436848,"values":[70.236,68.066,66.697,65.838,65.5,64.337,67.524,64.763,64.619,67.685]}