{"framework":"react-v16.8.6-keyed","keyed":true,"benchmark":"24_run5-memory","type":"memory","min":6.631355285644531,"max":6.651027679443359,"mean":6.6372428894042965,"median":6.6332244873046875,"geometricMean":6.637238908892787,"standardDeviation":0.008130514955144207,"values":[6.651027679443359,6.632469177246094,6.631355285644531,6.6332244873046875,6.6381378173828125]}