{"framework":"react-v16.8.6-keyed","keyed":true,"benchmark":"22_run-memory","type":"memory","min":4.380764007568359,"max":4.380836486816406,"mean":4.380788421630859,"median":4.380771636962891,"geometricMean":4.380788421537452,"standardDeviation":0.00003198436556435331,"values":[4.380771636962891,4.380836486816406,4.380805969238281,4.380764007568359,4.380764007568359]}