{"framework":"react-mobX-v16.13.1 + 5.15.4-non-keyed","keyed":false,"benchmark":"04_select1k","type":"cpu","min":86.704,"max":150.483,"mean":123.5719,"median":131.663,"geometricMean":120.92046423625659,"standardDeviation":25.674941183314655,"values":[147.971,88.588,89.045,134.05,150.483,147.425,133.617,128.127,86.704,129.709]}