{"framework":"react-mobX-v16.13.1 + 5.15.4-non-keyed","keyed":false,"benchmark":"24_run5-memory","type":"memory","min":8.707523345947266,"max":8.715152740478516,"mean":8.711643981933594,"median":8.712135314941406,"geometricMean":8.711643615691946,"standardDeviation":0.0028241662350167226,"values":[8.715152740478516,8.707523345947266,8.712791442871094,8.710617065429688,8.712135314941406]}