{"framework":"react-v16.8.6-keyed","keyed":true,"benchmark":"07_create10k","type":"cpu","min":2420.135,"max":2640.665,"mean":2558.3752000000004,"median":2582.9674999999997,"geometricMean":2557.4897658990017,"standardDeviation":70.37606002959302,"values":[2531.592,2420.135,2460.134,2595.813,2609.646,2596.741,2549.487,2570.122,2640.665,2609.417]}