{"framework":"react-v16.8.6-non-keyed","keyed":false,"benchmark":"03_update10th1k_x16","type":"cpu","min":398.816,"max":498.922,"mean":445.30999999999995,"median":446.278,"geometricMean":443.9740611291876,"standardDeviation":36.35133589781202,"values":[398.816,407.066,407.078,417.159,440.843,451.713,472.425,478.971,480.107,498.922]}