{"framework":"react-hooks-v16.8.6-non-keyed","keyed":false,"benchmark":"21_ready-memory","type":"memory","min":1.3652839660644531,"max":1.3652839660644531,"mean":1.3652839660644531,"median":1.3652839660644531,"geometricMean":1.3652839660644531,"standardDeviation":0,"values":[1.3652839660644531,1.3652839660644531,1.3652839660644531,1.3652839660644531,1.3652839660644531]}