{"framework":"react-v16.8.6-non-keyed","keyed":false,"benchmark":"08_create1k-after1k_x2","type":"cpu","min":484.727,"max":530.453,"mean":509.9443,"median":510.595,"geometricMean":509.75294848577107,"standardDeviation":14.697498434540938,"values":[484.727,494.524,498.049,506.539,510.333,510.857,513.796,521.721,528.444,530.453]}