{"framework":"react-v16.8.6-non-keyed","keyed":false,"benchmark":"21_ready-memory","type":"memory","min":1.3048820495605469,"max":1.3048820495605469,"mean":1.3048820495605469,"median":1.3048820495605469,"geometricMean":1.3048820495605469,"standardDeviation":null,"values":[1.3048820495605469]}