{"framework":"react-v16.8.6-keyed","keyed":true,"benchmark":"21_ready-memory","type":"memory","min":1.3237686157226562,"max":1.3237724304199219,"mean":1.3237709045410155,"median":1.3237724304199219,"geometricMean":1.3237709045396964,"standardDeviation":0.0000020893957424360893,"values":[1.3237686157226562,1.3237686157226562,1.3237724304199219,1.3237724304199219,1.3237724304199219]}