{"framework":"react-v16.8.6-non-keyed","keyed":false,"benchmark":"04_select1k","type":"cpu","min":181.684,"max":227.582,"mean":210.2561,"median":217.44150000000002,"geometricMean":209.68543047550781,"standardDeviation":16.071362442763423,"values":[181.684,192.437,194.936,202.301,215.467,219.416,222.191,223.016,223.531,227.582]}