{"framework":"react-hooks-v16.8.6-keyed","keyed":true,"benchmark":"23_update5-memory","type":"memory","min":4.873935699462891,"max":4.884548187255859,"mean":4.878461456298828,"median":4.878482818603516,"geometricMean":4.87846020788794,"standardDeviation":0.003902580355486905,"values":[4.884548187255859,4.878704071044922,4.876636505126953,4.873935699462891,4.878482818603516]}