{"framework":"react-v16.8.6-non-keyed","keyed":false,"benchmark":"09_clear1k_x8","type":"cpu","min":206.258,"max":237.733,"mean":220.0203,"median":221.86399999999998,"geometricMean":219.77954005760327,"standardDeviation":10.88858694076815,"values":[206.258,207.397,210.011,213.063,221.766,221.962,223.017,223.997,234.999,237.733]}