{"framework":"react-v16.8.6-keyed","keyed":true,"benchmark":"23_update5-memory","type":"memory","min":5.152442932128906,"max":5.153118133544922,"mean":5.152947998046875,"median":5.153064727783203,"geometricMean":5.152947991787692,"standardDeviation":0.0002839529043650286,"values":[5.153079986572266,5.152442932128906,5.153118133544922,5.153064727783203,5.153034210205078]}