{"framework":"react-v16.8.6-non-keyed","keyed":false,"benchmark":"23_update5-memory","type":"memory","min":5.099292755126953,"max":5.099292755126953,"mean":5.099292755126953,"median":5.099292755126953,"geometricMean":5.099292755126953,"standardDeviation":null,"values":[5.099292755126953]}