{"framework":"react-v16.8.6-non-keyed","keyed":false,"benchmark":"01_run1k","type":"cpu","min":254.652,"max":287.068,"mean":272.92479999999995,"median":274.0725,"geometricMean":272.76329085625326,"standardDeviation":9.846599760549042,"values":[254.652,263.201,265.633,269.061,274.057,274.088,279.81,280.242,281.436,287.068]}