{"framework":"react-hooks-v16.8.6-non-keyed","keyed":false,"benchmark":"24_run5-memory","type":"memory","min":6.603240966796875,"max":6.6035003662109375,"mean":6.6033782958984375,"median":6.603370666503906,"geometricMean":6.603378295149177,"standardDeviation":0.0001112165812462864,"values":[6.603302001953125,6.603477478027344,6.603370666503906,6.603240966796875,6.6035003662109375]}