{"framework":"react-hooks-v16.8.6-keyed","keyed":true,"benchmark":"24_run5-memory","type":"memory","min":5.1734619140625,"max":5.179767608642578,"mean":5.177264404296875,"median":5.177452087402344,"geometricMean":5.177263980959857,"standardDeviation":0.002340532679962959,"values":[5.178337097167969,5.179767608642578,5.177452087402344,5.177303314208984,5.1734619140625]}