{"framework":"react-v16.8.6-non-keyed","keyed":false,"benchmark":"06_remove-one-1k","type":"cpu","min":68.574,"max":70.666,"mean":69.68400000000001,"median":69.7815,"geometricMean":69.67937676753256,"standardDeviation":0.845039512554162,"values":[68.607,70.666,69.537,70.437,70.364,68.581,70.511,70.005,68.574,69.558]}