{"framework":"react-hooks-v16.8.6-non-keyed","keyed":false,"benchmark":"22_run-memory","type":"memory","min":4.100868225097656,"max":4.101371765136719,"mean":4.101000213623047,"median":4.100917816162109,"geometricMean":4.101000209359073,"standardDeviation":0.00020908926065339302,"values":[4.100910186767578,4.100868225097656,4.100917816162109,4.101371765136719,4.100933074951172]}