{"framework":"react-v16.8.6-non-keyed","keyed":false,"benchmark":"25_run-clear-memory","type":"memory","min":3.687969207763672,"max":3.6901397705078125,"mean":3.6885047912597657,"median":3.688060760498047,"geometricMean":3.6885046985681575,"standardDeviation":0.000924616046435434,"values":[3.6880226135253906,3.6901397705078125,3.688060760498047,3.6883316040039062,3.687969207763672]}