{"framework":"react-v16.8.6-non-keyed","keyed":false,"benchmark":"23_update5-memory","type":"memory","min":5.091297149658203,"max":5.091297149658203,"mean":5.091297149658203,"median":5.091297149658203,"geometricMean":5.091297149658203,"standardDeviation":null,"values":[5.091297149658203]}