{"framework":"react-v16.8.6-non-keyed","keyed":false,"benchmark":"09_clear1k_x8","type":"cpu","min":252.38,"max":278.739,"mean":265.2021,"median":263.91650000000004,"geometricMean":265.07339844960876,"standardDeviation":8.705248116318488,"values":[252.38,252.854,262.205,262.908,263.348,264.485,267.266,271.98,275.856,278.739]}