{"framework":"react-mobX-v16.13.1 + 5.15.4-non-keyed","keyed":false,"benchmark":"22_run-memory","type":"memory","min":5.532279968261719,"max":5.533023834228516,"mean":5.532538604736328,"median":5.532283782958984,"geometricMean":5.5325385954015776,"standardDeviation":0.0003593254489271955,"values":[5.532825469970703,5.532279968261719,5.532279968261719,5.533023834228516,5.532283782958984]}