{"framework":"react-hooks-v16.8.6-non-keyed","keyed":false,"benchmark":"34_startup-totalbytes","type":"startup","min":260.00390625,"max":260.00390625,"mean":260.00390625,"median":260.00390625,"geometricMean":260.00390625,"standardDeviation":0,"values":[260.00390625,260.00390625,260.00390625,260.00390625]}