{"framework":"react-v16.8.6-non-keyed","keyed":false,"benchmark":"31_startup-ci","type":"startup","min":2600.825,"max":2605.8,"mean":2603.235,"median":2603.1575000000003,"geometricMean":2603.234301275853,"standardDeviation":2.202434259329235,"values":[2604.195,2600.825,2605.8,2602.1200000000003]}