{"framework":"react-v16.8.6-non-keyed","keyed":false,"benchmark":"25_run-clear-memory","type":"memory","min":3.638874053955078,"max":3.638874053955078,"mean":3.638874053955078,"median":3.638874053955078,"geometricMean":3.638874053955078,"standardDeviation":null,"values":[3.638874053955078]}