{"framework":"react-hooks-v16.8.6-keyed","keyed":true,"benchmark":"22_run-memory","type":"memory","min":4.1009521484375,"max":4.100994110107422,"mean":4.1009765625,"median":4.100978851318359,"geometricMean":4.100976562471187,"standardDeviation":0.000017187317392072768,"values":[4.100994110107422,4.1009674072265625,4.100990295410156,4.100978851318359,4.1009521484375]}