{"framework":"react-mobX-v16.13.1 + 5.15.4-non-keyed","keyed":false,"benchmark":"32_startup-bt","type":"startup","min":97.28000000000002,"max":114.92400000000004,"mean":103.49600000000001,"median":100.88999999999999,"geometricMean":103.28388907746867,"standardDeviation":7.806623512547975,"values":[100.95999999999997,97.28000000000002,114.92400000000004,100.82000000000002]}