{"framework":"react-v16.8.6-non-keyed","keyed":false,"benchmark":"07_create10k","type":"cpu","min":2522.25,"max":2741.636,"mean":2593.1610000000005,"median":2569.916,"geometricMean":2592.340014163411,"standardDeviation":69.30860524895553,"values":[2522.25,2530.168,2538.561,2550.463,2557.023,2582.809,2626.422,2629.642,2652.636,2741.636]}