{"framework":"react-v16.8.6-non-keyed","keyed":false,"benchmark":"22_run-memory","type":"memory","min":4.331268310546875,"max":4.331268310546875,"mean":4.331268310546875,"median":4.331268310546875,"geometricMean":4.331268310546875,"standardDeviation":null,"values":[4.331268310546875]}