{"framework":"react-v16.8.6-non-keyed","keyed":false,"benchmark":"01_run1k","type":"cpu","min":241.472,"max":272.728,"mean":260.6426,"median":262.112,"geometricMean":260.4586803636492,"standardDeviation":10.24770183667213,"values":[241.472,250.014,252.218,258.335,260.047,264.177,267.328,268.1,272.007,272.728]}