{"framework":"react-mobX-v16.13.1 + 5.15.4-keyed","keyed":true,"benchmark":"22_run-memory","type":"memory","min":5.532318115234375,"max":5.5343170166015625,"mean":5.533042907714844,"median":5.532859802246094,"geometricMean":5.53304286706706,"standardDeviation":0.0007498767287058266,"values":[5.5343170166015625,5.532859802246094,5.532318115234375,5.532859802246094,5.532859802246094]}