{"framework":"react-v16.8.6-non-keyed","keyed":false,"benchmark":"32_startup-bt","type":"startup","min":64.656,"max":79.52399999999999,"mean":70.52099999999999,"median":68.952,"geometricMean":70.29790936309405,"standardDeviation":6.578017026429765,"values":[79.52399999999999,66.78,64.656,71.12399999999998]}