{"framework":"react-v16.8.6-non-keyed","keyed":false,"benchmark":"02_replace1k","type":"cpu","min":67.713,"max":71.979,"mean":69.58160000000001,"median":69.3445,"geometricMean":69.56999338050815,"standardDeviation":1.344515294735535,"values":[67.713,68.214,68.837,69.172,69.314,69.375,69.644,69.939,71.629,71.979]}