{"framework":"react-v16.8.6-non-keyed","keyed":false,"benchmark":"24_run5-memory","type":"memory","min":6.500148773193359,"max":6.522148132324219,"mean":6.517505645751953,"median":6.521785736083984,"geometricMean":6.517499857281179,"standardDeviation":0.009705176500666119,"values":[6.521549224853516,6.522148132324219,6.521785736083984,6.5218963623046875,6.500148773193359]}