{"framework":"react-hooks-v16.8.6-keyed","keyed":true,"benchmark":"21_ready-memory","type":"memory","min":1.3652877807617188,"max":1.36529541015625,"mean":1.3652908325195312,"median":1.3652915954589844,"geometricMean":1.365290832516547,"standardDeviation":0.000003191604715477278,"values":[1.3652915954589844,1.3652915954589844,1.3652877807617188,1.36529541015625,1.3652877807617188]}