{"framework":"react-v16.8.6-non-keyed","keyed":false,"benchmark":"07_create10k","type":"cpu","min":2380.5,"max":2428.715,"mean":2403.2221,"median":2401.688,"geometricMean":2403.1636650591063,"standardDeviation":17.668767588601092,"values":[2380.5,2382.766,2388.223,2389.729,2401.32,2402.056,2418.533,2419.004,2421.375,2428.715]}