{"framework":"react-mobX-v16.13.1 + 5.15.4-keyed","keyed":true,"benchmark":"21_ready-memory","type":"memory","min":1.56640625,"max":1.5666275024414062,"mean":1.5664573669433595,"median":1.5664100646972656,"geometricMean":1.5664573646050808,"standardDeviation":0.0000956949332682314,"values":[1.5666275024414062,1.5664100646972656,1.5664100646972656,1.56640625,1.5664329528808594]}