{"framework":"uhtml-v1.8.1-non-keyed","keyed":false,"benchmark":"03_update10th1k_x16","type":"cpu","min":218.456,"max":346.818,"mean":314.1634,"median":331.493,"geometricMean":311.31433935109277,"standardDeviation":41.53860670161087,"values":[218.456,266.808,306.663,313.247,327.108,335.878,340.905,342.505,343.246,346.818]}