{"framework":"uhtml-v1.8.1-keyed","keyed":true,"benchmark":"24_run5-memory","type":"memory","min":3.1468124389648438,"max":3.1468124389648438,"mean":3.1468124389648438,"median":3.1468124389648438,"geometricMean":3.1468124389648438,"standardDeviation":null,"values":[3.1468124389648438]}