{"framework":"uhtml-v1.8.1-non-keyed","keyed":false,"benchmark":"34_startup-totalbytes","type":"startup","min":146.794921875,"max":146.794921875,"mean":146.794921875,"median":146.794921875,"geometricMean":146.794921875,"standardDeviation":0,"values":[146.794921875,146.794921875,146.794921875,146.794921875]}