{"framework":"uhtml-v1.8.1-keyed","keyed":true,"benchmark":"25_run-clear-memory","type":"memory","min":2.3438568115234375,"max":2.3438568115234375,"mean":2.3438568115234375,"median":2.3438568115234375,"geometricMean":2.3438568115234375,"standardDeviation":null,"values":[2.3438568115234375]}