{"framework":"uhtml-v1.8.1-keyed","keyed":true,"benchmark":"23_update5-memory","type":"memory","min":2.703857421875,"max":2.703857421875,"mean":2.703857421875,"median":2.703857421875,"geometricMean":2.703857421875,"standardDeviation":null,"values":[2.703857421875]}