{"framework":"uhtml-v1.8.1-non-keyed","keyed":false,"benchmark":"23_update5-memory","type":"memory","min":2.6443328857421875,"max":2.6445579528808594,"mean":2.644481658935547,"median":2.6445083618164062,"geometricMean":2.644481657801954,"standardDeviation":0.00008656925749138044,"values":[2.6443328857421875,2.6445579528808594,2.6445159912109375,2.6444931030273438,2.6445083618164062]}