{"framework":"uhtml-v1.8.1-keyed","keyed":true,"benchmark":"09_clear1k_x8","type":"cpu","min":183.866,"max":219.625,"mean":197.3419,"median":191.2585,"geometricMean":196.9380452987062,"standardDeviation":13.500296617729058,"values":[183.866,184.42,187.753,188.833,190.557,191.96,201.525,206.019,218.861,219.625]}