{"framework":"uhtml-v1.8.1-non-keyed","keyed":false,"benchmark":"25_run-clear-memory","type":"memory","min":2.3433876037597656,"max":2.3433876037597656,"mean":2.3433876037597656,"median":2.3433876037597656,"geometricMean":2.3433876037597656,"standardDeviation":null,"values":[2.3433876037597656]}