{"framework":"uhtml-v1.8.1-keyed","keyed":true,"benchmark":"06_remove-one-1k","type":"cpu","min":41.602,"max":47.506,"mean":45.3131,"median":45.879999999999995,"geometricMean":45.269703322427574,"standardDeviation":2.070707310719376,"values":[41.602,42.896,43.248,45.021,45.803,45.957,46.754,46.876,47.468,47.506]}