{"framework":"uhtml-v1.8.1-keyed","keyed":true,"benchmark":"32_startup-bt","type":"startup","min":16,"max":17.86,"mean":16.465,"median":16,"geometricMean":16.446002450342686,"standardDeviation":0.9299999999999996,"values":[16,16,17.86,16]}