{"framework":"uhtml-v1.8.1-keyed","keyed":true,"benchmark":"25_run-clear-memory","type":"memory","min":2.3431663513183594,"max":2.3431663513183594,"mean":2.3431663513183594,"median":2.3431663513183594,"geometricMean":2.3431663513183594,"standardDeviation":null,"values":[2.3431663513183594]}