{"framework":"uhtml-v1.8.1-keyed","keyed":true,"benchmark":"22_run-memory","type":"memory","min":2.342975616455078,"max":2.342975616455078,"mean":2.342975616455078,"median":2.342975616455078,"geometricMean":2.342975616455078,"standardDeviation":null,"values":[2.342975616455078]}