{"framework":"uhtml-v1.8.1-non-keyed","keyed":false,"benchmark":"22_run-memory","type":"memory","min":2.282573699951172,"max":2.282573699951172,"mean":2.282573699951172,"median":2.282573699951172,"geometricMean":2.282573699951172,"standardDeviation":null,"values":[2.282573699951172]}