{"framework":"uhtml-v1.8.1-keyed","keyed":true,"benchmark":"22_run-memory","type":"memory","min":2.3423385620117188,"max":2.3423385620117188,"mean":2.3423385620117188,"median":2.3423385620117188,"geometricMean":2.3423385620117188,"standardDeviation":null,"values":[2.3423385620117188]}