{"framework":"uhtml-v1.8.1-non-keyed","keyed":false,"benchmark":"08_create1k-after1k_x2","type":"cpu","min":415.731,"max":450.077,"mean":431.0072,"median":431.0475,"geometricMean":430.87888191183436,"standardDeviation":11.09470542195691,"values":[415.731,419.005,419.102,427.379,427.595,434.5,438.4,438.423,439.86,450.077]}