{"framework":"uhtml-v1.8.1-non-keyed","keyed":false,"benchmark":"03_update10th1k_x16","type":"cpu","min":237.008,"max":345.944,"mean":298.59880000000004,"median":295.90650000000005,"geometricMean":296.65489310645586,"standardDeviation":35.428883429578576,"values":[237.008,338.452,300.946,279.901,289.267,309.276,336.237,345.944,290.867,258.09]}