{"framework":"uhtml-v1.8.1-keyed","keyed":true,"benchmark":"08_create1k-after1k_x2","type":"cpu","min":425.017,"max":488.243,"mean":460.39490000000006,"median":457.39750000000004,"geometricMean":459.95492331082374,"standardDeviation":21.117437678373772,"values":[425.017,434.109,447.103,456.725,457.148,457.647,476.887,479.124,481.946,488.243]}