{"framework":"uhtml-v1.8.1-keyed","keyed":true,"benchmark":"09_clear1k_x8","type":"cpu","min":160.669,"max":250.515,"mean":220.46869999999998,"median":226.5995,"geometricMean":218.97499492288833,"standardDeviation":25.568737669488318,"values":[160.669,202.047,207.635,221.339,223.245,229.954,232.482,235.649,241.152,250.515]}