{"framework":"uhtml-v1.8.1-non-keyed","keyed":false,"benchmark":"07_create10k","type":"cpu","min":1880.995,"max":1989.886,"mean":1929.9438999999998,"median":1925.042,"geometricMean":1929.6548387788634,"standardDeviation":35.24849186828975,"values":[1880.995,1884.621,1905.644,1921.666,1923.858,1926.226,1944.06,1949.608,1972.875,1989.886]}