{"framework":"uhtml-v1.8.1-non-keyed","keyed":false,"benchmark":"21_ready-memory","type":"memory","min":1.1041374206542969,"max":1.1041374206542969,"mean":1.1041374206542969,"median":1.1041374206542969,"geometricMean":1.1041374206542969,"standardDeviation":null,"values":[1.1041374206542969]}