{"framework":"uhtml-v1.8.1-non-keyed","keyed":false,"benchmark":"24_run5-memory","type":"memory","min":2.3975372314453125,"max":2.3975372314453125,"mean":2.3975372314453125,"median":2.3975372314453125,"geometricMean":2.3975372314453125,"standardDeviation":null,"values":[2.3975372314453125]}