{"framework":"uhtml-v1.8.1-keyed","keyed":true,"benchmark":"03_update10th1k_x16","type":"cpu","min":256.79,"max":357.729,"mean":331.5579,"median":345.90250000000003,"geometricMean":330.02993479548763,"standardDeviation":31.880761371955266,"values":[256.79,297.466,322.458,335.774,344.512,347.293,347.558,349.954,356.045,357.729]}