{"framework":"uhtml-v1.8.1-non-keyed","keyed":false,"benchmark":"09_clear1k_x8","type":"cpu","min":125.789,"max":251.116,"mean":215.40950000000004,"median":224.2055,"geometricMean":211.93975042091222,"standardDeviation":36.40145585992712,"values":[125.789,184.692,213.943,219.275,222.617,225.794,232.07,233.494,245.305,251.116]}