{"framework":"uhtml-v1.8.1-non-keyed","keyed":false,"benchmark":"02_replace1k","type":"cpu","min":65.281,"max":68.168,"mean":67.0432,"median":67.237,"geometricMean":67.03763876680112,"standardDeviation":0.9062224156721485,"values":[65.281,65.614,67.042,67.116,67.122,67.352,67.533,67.544,67.66,68.168]}