{"framework":"uhtml-v1.8.1-non-keyed","keyed":false,"benchmark":"08_create1k-after1k_x2","type":"cpu","min":396.222,"max":480.137,"mean":449.2116,"median":452.724,"geometricMean":448.4791526196131,"standardDeviation":26.58294222993384,"values":[396.222,414.264,440.313,450.062,451.543,453.905,460.048,468.592,477.03,480.137]}