{"framework":"uhtml-v1.8.1-non-keyed","keyed":false,"benchmark":"05_swap1k","type":"cpu","min":51.82,"max":59.368,"mean":55.5612,"median":55.5955,"geometricMean":55.51945856413575,"standardDeviation":2.2711635197258118,"values":[51.82,53.193,54.248,54.506,55.332,55.859,56.265,56.719,58.302,59.368]}