{"framework":"uhtml-v1.8.1-non-keyed","keyed":false,"benchmark":"24_run5-memory","type":"memory","min":2.3973159790039062,"max":2.3973159790039062,"mean":2.3973159790039062,"median":2.3973159790039062,"geometricMean":2.3973159790039062,"standardDeviation":null,"values":[2.3973159790039062]}