{"framework":"uhtml-v1.8.1-non-keyed","keyed":false,"benchmark":"23_update5-memory","type":"memory","min":2.627471923828125,"max":2.627471923828125,"mean":2.627471923828125,"median":2.627471923828125,"geometricMean":2.627471923828125,"standardDeviation":null,"values":[2.627471923828125]}