{"framework":"uhtml-v1.8.1-non-keyed","keyed":false,"benchmark":"02_replace1k","type":"cpu","min":61.592,"max":64.463,"mean":63.052699999999994,"median":62.9765,"geometricMean":63.04741154691246,"standardDeviation":0.861425569106878,"values":[61.592,62.28,62.64,62.693,62.946,63.007,63.312,63.312,64.282,64.463]}