{"framework":"uhtml-v1.8.1-non-keyed","keyed":false,"benchmark":"01_run1k","type":"cpu","min":184.42,"max":230.266,"mean":201.26229999999995,"median":199.903,"geometricMean":200.83037962506137,"standardDeviation":14.086077863147953,"values":[184.42,186.456,190.302,192.982,196.611,203.195,206.444,208.511,213.436,230.266]}