{"framework":"uhtml-v1.8.1-keyed","keyed":true,"benchmark":"25_run-clear-memory","type":"memory","min":2.3574066162109375,"max":2.360492706298828,"mean":2.3585060119628904,"median":2.3574371337890625,"geometricMean":2.3585056241758005,"standardDeviation":0.0015122578153252398,"values":[2.3574066162109375,2.3574371337890625,2.360492706298828,2.3574066162109375,2.3597869873046875]}