{"framework":"uhtml-v1.8.1-keyed","keyed":true,"benchmark":"01_run1k","type":"cpu","min":174.999,"max":214.048,"mean":191.82369999999997,"median":187.945,"geometricMean":191.32791371855438,"standardDeviation":14.610907098237718,"values":[208.332,203.739,178.88,179.306,214.048,181.099,203.387,179.656,174.999,194.791]}