{"framework":"uhtml-v1.8.1-non-keyed","keyed":false,"benchmark":"03_update10th1k_x16","type":"cpu","min":133.681,"max":310.678,"mean":271.2576,"median":294.1565,"geometricMean":263.58090233971194,"standardDeviation":58.471731588292585,"values":[133.681,195.842,286.764,288.568,294.137,294.176,301.053,302.82,304.857,310.678]}