{"framework":"uhtml-v1.8.1-non-keyed","keyed":false,"benchmark":"04_select1k","type":"cpu","min":52.098,"max":145.668,"mean":116.20599999999999,"median":122.394,"geometricMean":112.13259008965096,"standardDeviation":27.98844841874749,"values":[52.098,87.399,112.174,113.037,121.492,123.296,134.164,135.217,137.515,145.668]}