{"framework":"uhtml-v1.8.1-keyed","keyed":true,"benchmark":"23_update5-memory","type":"memory","min":2.7038421630859375,"max":2.7038421630859375,"mean":2.7038421630859375,"median":2.7038421630859375,"geometricMean":2.7038421630859375,"standardDeviation":null,"values":[2.7038421630859375]}