{"framework":"uhtml-v1.8.1-keyed","keyed":true,"benchmark":"08_create1k-after1k_x2","type":"cpu","min":390.131,"max":431.971,"mean":415.63460000000003,"median":418.77700000000004,"geometricMean":415.3965695049321,"standardDeviation":14.74371669710337,"values":[390.131,397.306,403.02,412.558,417.04,420.514,421.892,430.782,431.132,431.971]}