{"framework":"uhtml-v1.8.1-keyed","keyed":true,"benchmark":"31_startup-ci","type":"startup","min":1967.88,"max":1991.6950000000002,"mean":1978.6675,"median":1977.5475000000001,"geometricMean":1978.6461733981153,"standardDeviation":10.612061141298932,"values":[1982.5100000000002,1991.6950000000002,1972.5850000000003,1967.88]}