{"framework":"uhtml-v1.8.1-non-keyed","keyed":false,"benchmark":"22_run-memory","type":"memory","min":2.2942123413085938,"max":2.294422149658203,"mean":2.294352722167969,"median":2.2943687438964844,"geometricMean":2.2943527208684924,"standardDeviation":0.00008633360284367553,"values":[2.294422149658203,2.294422149658203,2.2942123413085938,2.2943382263183594,2.2943687438964844]}