{"framework":"uhtml-v1.8.1-non-keyed","keyed":false,"benchmark":"06_remove-one-1k","type":"cpu","min":65.508,"max":69.758,"mean":67.545,"median":67.4265,"geometricMean":67.53446637406542,"standardDeviation":1.2593477147581857,"values":[65.508,66.479,66.769,66.984,67.223,67.63,67.698,68.271,69.13,69.758]}