{"framework":"uhtml-v1.8.1-keyed","keyed":true,"benchmark":"06_remove-one-1k","type":"cpu","min":41.845,"max":43.537,"mean":42.6293,"median":42.7345,"geometricMean":42.625956820950925,"standardDeviation":0.5628994482932892,"values":[41.845,41.911,42.111,42.436,42.721,42.748,42.805,42.851,43.328,43.537]}