{"framework":"uhtml-v1.8.1-non-keyed","keyed":false,"benchmark":"25_run-clear-memory","type":"memory","min":2.352447509765625,"max":2.3595428466796875,"mean":2.354991912841797,"median":2.3528366088867188,"geometricMean":2.3549900964572505,"standardDeviation":0.0032709155015118218,"values":[2.3528366088867188,2.3574066162109375,2.352447509765625,2.3595428466796875,2.3527259826660156]}