{"framework":"uhtml-v1.8.1-keyed","keyed":true,"benchmark":"21_ready-memory","type":"memory","min":1.1041831970214844,"max":1.1041831970214844,"mean":1.1041831970214844,"median":1.1041831970214844,"geometricMean":1.1041831970214844,"standardDeviation":null,"values":[1.1041831970214844]}