{"framework":"uhtml-v1.8.1-keyed","keyed":true,"benchmark":"07_create10k","type":"cpu","min":1861.475,"max":1923.013,"mean":1885.3551,"median":1881.163,"geometricMean":1885.2377542288193,"standardDeviation":22.23322518439465,"values":[1861.475,1865.091,1865.844,1871.908,1878.917,1883.409,1884.807,1897.868,1921.219,1923.013]}