{"framework":"uhtml-v1.8.1-keyed","keyed":true,"benchmark":"22_run-memory","type":"memory","min":2.3466110229492188,"max":2.352069854736328,"mean":2.348040771484375,"median":2.3466758728027344,"geometricMean":2.348039826252796,"standardDeviation":0.0023564061542202626,"values":[2.352069854736328,2.3466148376464844,2.3482322692871094,2.3466758728027344,2.3466110229492188]}