{"framework":"uhtml-v1.8.1-keyed","keyed":true,"benchmark":"31_startup-ci","type":"startup","min":1956.81,"max":1984.4050000000002,"mean":1965.1125000000002,"median":1959.6174999999998,"geometricMean":1965.080614383116,"standardDeviation":12.953441305949159,"values":[1984.4050000000002,1960.58,1956.81,1958.655]}