{"framework":"uhtml-v1.8.1-non-keyed","keyed":false,"benchmark":"25_run-clear-memory","type":"memory","min":2.3433570861816406,"max":2.3433570861816406,"mean":2.3433570861816406,"median":2.3433570861816406,"geometricMean":2.3433570861816406,"standardDeviation":null,"values":[2.3433570861816406]}