{"framework":"uhtml-v1.8.1-non-keyed","keyed":false,"benchmark":"02_replace1k","type":"cpu","min":56.672,"max":63.938,"mean":60.223800000000004,"median":60.081999999999994,"geometricMean":60.1831649526331,"standardDeviation":2.3322140553559834,"values":[56.672,63.938,58.969,60.669,57.597,61.393,62.473,62.352,58.68,59.495]}