{"framework":"uhtml-v1.8.1-keyed","keyed":true,"benchmark":"05_swap1k","type":"cpu","min":88.992,"max":98.431,"mean":93.57730000000001,"median":93.52449999999999,"geometricMean":93.52241121043309,"standardDeviation":3.3801997984997523,"values":[88.992,89.447,91.09,91.373,92.604,94.445,95.312,96.185,97.894,98.431]}