{"framework":"uhtml-v1.8.1-keyed","keyed":true,"benchmark":"23_update5-memory","type":"memory","min":2.7206153869628906,"max":2.7209930419921875,"mean":2.7209014892578125,"median":2.720966339111328,"geometricMean":2.720901485425101,"standardDeviation":0.0001614613146596398,"values":[2.7206153869628906,2.7209930419921875,2.7209930419921875,2.7209396362304688,2.720966339111328]}