{"framework":"uhtml-v1.8.1-keyed","keyed":true,"benchmark":"07_create10k","type":"cpu","min":1705.889,"max":1797.022,"mean":1768.8113999999998,"median":1783.5484999999999,"geometricMean":1768.6168070980355,"standardDeviation":27.486785613777723,"values":[1705.889,1749.285,1754.808,1756.394,1783.173,1783.924,1784.635,1785.301,1787.683,1797.022]}