{"framework":"uhtml-v1.8.1-keyed","keyed":true,"benchmark":"01_run1k","type":"cpu","min":173.964,"max":205.354,"mean":190.4707,"median":191.172,"geometricMean":190.2038665252068,"standardDeviation":10.569278563101857,"values":[173.964,176.374,181.33,189.192,190.164,192.18,195.132,199.721,201.296,205.354]}