{"framework":"uhtml-v1.8.1-keyed","keyed":true,"benchmark":"21_ready-memory","type":"memory","min":1.1218681335449219,"max":1.1219062805175781,"mean":1.1218833923339844,"median":1.1218833923339844,"geometricMean":1.1218833922613474,"standardDeviation":0.000014273290202232137,"values":[1.1219062805175781,1.1218833923339844,1.1218833923339844,1.1218681335449219,1.1218757629394531]}