{"framework":"uhtml-v1.8.1-keyed","keyed":true,"benchmark":"01_run1k","type":"cpu","min":183.103,"max":213.79,"mean":200.71710000000002,"median":205.373,"geometricMean":200.4410304244086,"standardDeviation":10.986000490017586,"values":[183.103,186.718,188.094,198.586,203.922,206.824,207.48,207.976,210.678,213.79]}