{"framework":"uhtml-v1.8.1-keyed","keyed":true,"benchmark":"02_replace1k","type":"cpu","min":178.833,"max":193.6,"mean":184.77530000000002,"median":183.5155,"geometricMean":184.71345824161233,"standardDeviation":5.066159361664193,"values":[178.833,180.351,181.145,181.39,183.317,183.714,184.038,190.623,190.742,193.6]}