{"framework":"uhtml-v1.8.1-keyed","keyed":true,"benchmark":"24_run5-memory","type":"memory","min":2.9446487426757812,"max":3.1631698608398438,"mean":3.085987854003906,"median":3.104461669921875,"geometricMean":3.085083177114414,"standardDeviation":0.08275824158184598,"values":[3.1631698608398438,2.9446487426757812,3.115039825439453,3.102619171142578,3.104461669921875]}