{"framework":"uhtml-v1.8.1-non-keyed","keyed":false,"benchmark":"31_startup-ci","type":"startup","min":1961.125,"max":1990.935,"mean":1977.0875,"median":1978.145,"geometricMean":1977.058744643907,"standardDeviation":12.306309018819004,"values":[1976.4800000000002,1979.81,1961.125,1990.935]}