{"framework":"uhtml-v1.8.1-keyed","keyed":true,"benchmark":"03_update10th1k_x16","type":"cpu","min":179.775,"max":344.332,"mean":293.8876000000001,"median":301.2435,"geometricMean":290.3388122949723,"standardDeviation":42.77333260390689,"values":[179.775,288.858,297.117,298.327,300.996,301.491,305.882,309.818,312.28,344.332]}