{"framework":"uhtml-v1.8.1-non-keyed","keyed":false,"benchmark":"07_create10k","type":"cpu","min":1748.666,"max":1857.441,"mean":1800.1647,"median":1799.4085,"geometricMean":1799.8197666468127,"standardDeviation":37.2056810418636,"values":[1748.666,1755.315,1775.016,1782.334,1794.777,1804.04,1808.81,1819.755,1855.493,1857.441]}