{"framework":"uhtml-v1.8.1-keyed","keyed":true,"benchmark":"21_ready-memory","type":"memory","min":1.1041526794433594,"max":1.1041526794433594,"mean":1.1041526794433594,"median":1.1041526794433594,"geometricMean":1.1041526794433594,"standardDeviation":null,"values":[1.1041526794433594]}