{"framework":"uhtml-v1.8.1-non-keyed","keyed":false,"benchmark":"09_clear1k_x8","type":"cpu","min":189.82,"max":206.784,"mean":198.7987,"median":201.7165,"geometricMean":198.72339769960786,"standardDeviation":5.741389979787123,"values":[189.82,190.532,193.404,197.314,201.49,201.943,202.073,202.106,202.521,206.784]}