{"framework":"uhtml-v1.8.1-non-keyed","keyed":false,"benchmark":"06_remove-one-1k","type":"cpu","min":65.803,"max":68.709,"mean":66.7286,"median":66.56800000000001,"geometricMean":66.72385593914635,"standardDeviation":0.8428394074001686,"values":[65.803,65.825,66.265,66.463,66.501,66.635,66.842,66.866,67.377,68.709]}