{"framework":"uhtml-v1.8.1-keyed","keyed":true,"benchmark":"31_startup-ci","type":"startup","min":1957.6750000000002,"max":1960.505,"mean":1958.8025,"median":1958.5149999999999,"geometricMean":1958.8022211075897,"standardDeviation":1.207135038013565,"values":[1957.6750000000002,1960.505,1958.65,1958.3799999999999]}