{"framework":"uhtml-v1.8.1-non-keyed","keyed":false,"benchmark":"34_startup-totalbytes","type":"startup","min":147.490234375,"max":147.490234375,"mean":147.490234375,"median":147.490234375,"geometricMean":147.490234375,"standardDeviation":0,"values":[147.490234375,147.490234375,147.490234375,147.490234375]}