{"framework":"uhtml-v1.8.1-keyed","keyed":true,"benchmark":"04_select1k","type":"cpu","min":84.038,"max":97.548,"mean":90.21529999999998,"median":89.5015,"geometricMean":90.0759380831602,"standardDeviation":5.3216356518565915,"values":[84.038,84.295,86.228,86.588,89.358,89.645,90.056,96.86,97.537,97.548]}