{"framework":"uhtml-v1.8.1-keyed","keyed":true,"benchmark":"02_replace1k","type":"cpu","min":189.218,"max":204.33,"mean":197.1499,"median":196.79000000000002,"geometricMean":197.0810762050417,"standardDeviation":5.481971491473976,"values":[189.218,190.397,191.367,196.246,196.729,196.851,201.449,201.721,203.191,204.33]}