{"framework":"uhtml-v1.8.1-non-keyed","keyed":false,"benchmark":"23_update5-memory","type":"memory","min":2.627330780029297,"max":2.627330780029297,"mean":2.627330780029297,"median":2.627330780029297,"geometricMean":2.627330780029297,"standardDeviation":null,"values":[2.627330780029297]}