{"framework":"uhtml-v1.8.1-keyed","keyed":true,"benchmark":"04_select1k","type":"cpu","min":93.344,"max":111.344,"mean":100.29730000000002,"median":98.714,"geometricMean":100.12839679363898,"standardDeviation":6.197090859606806,"values":[93.344,93.839,95.032,97.062,97.667,99.761,101.477,105.28,108.167,111.344]}