{"framework":"uhtml-v1.8.1-keyed","keyed":true,"benchmark":"34_startup-totalbytes","type":"startup","min":146.8115234375,"max":146.8115234375,"mean":146.8115234375,"median":146.8115234375,"geometricMean":146.8115234375,"standardDeviation":0,"values":[146.8115234375,146.8115234375,146.8115234375,146.8115234375]}