{"framework":"uhtml-v1.8.1-non-keyed","keyed":false,"benchmark":"21_ready-memory","type":"memory","min":1.1218032836914062,"max":1.1218414306640625,"mean":1.121826171875,"median":1.121826171875,"geometricMean":1.121826171781604,"standardDeviation":0.000016184389828183307,"values":[1.1218185424804688,1.1218032836914062,1.121826171875,1.1218414306640625,1.1218414306640625]}