{"framework":"uhtml-v1.8.1-non-keyed","keyed":false,"benchmark":"31_startup-ci","type":"startup","min":1962.0949999999998,"max":1985.8449999999998,"mean":1969.03125,"median":1964.0925,"geometricMean":1969.006962815884,"standardDeviation":11.313152651523179,"values":[1962.0949999999998,1962.6149999999998,1965.5700000000002,1985.8449999999998]}