{"framework":"uhtml-v1.8.1-non-keyed","keyed":false,"benchmark":"21_ready-memory","type":"memory","min":1.1041069030761719,"max":1.1041069030761719,"mean":1.1041069030761719,"median":1.1041069030761719,"geometricMean":1.1041069030761719,"standardDeviation":null,"values":[1.1041069030761719]}