{"framework":"uhtml-v1.8.1-non-keyed","keyed":false,"benchmark":"04_select1k","type":"cpu","min":62.026,"max":108.422,"mean":93.18379999999999,"median":99.136,"geometricMean":91.89617575236994,"standardDeviation":15.378998304325428,"values":[62.026,76.032,81.358,92.114,95.121,103.151,104.129,104.336,105.149,108.422]}