{"framework":"uhtml-v1.8.1-non-keyed","keyed":false,"benchmark":"24_run5-memory","type":"memory","min":2.414165496826172,"max":2.4144325256347656,"mean":2.414318084716797,"median":2.4143409729003906,"geometricMean":2.414318083009832,"standardDeviation":0.00010150249249000603,"values":[2.4143409729003906,2.4142799377441406,2.414165496826172,2.4144325256347656,2.4143714904785156]}