{"framework":"uhtml-v1.8.1-keyed","keyed":true,"benchmark":"05_swap1k","type":"cpu","min":81.399,"max":104.019,"mean":97.8942,"median":98.40549999999999,"geometricMean":97.69813097660938,"standardDeviation":6.2513008743958425,"values":[81.399,96.889,97.426,97.77,98.201,98.61,101.122,101.59,101.916,104.019]}