{"framework":"uhtml-v1.8.1-keyed","keyed":true,"benchmark":"24_run5-memory","type":"memory","min":3.146953582763672,"max":3.146953582763672,"mean":3.146953582763672,"median":3.146953582763672,"geometricMean":3.146953582763672,"standardDeviation":null,"values":[3.146953582763672]}