{"framework":"uhtml-v1.8.1-non-keyed","keyed":false,"benchmark":"01_run1k","type":"cpu","min":180.532,"max":210.919,"mean":195.00090000000003,"median":194.975,"geometricMean":194.83696635930988,"standardDeviation":8.4294071157005,"values":[180.532,185.526,191.41,192.486,194.624,195.326,199.36,199.553,200.273,210.919]}