{"framework":"uhtml-v1.8.1-non-keyed","keyed":false,"benchmark":"31_startup-ci","type":"startup","min":1956.3400000000001,"max":1960.795,"mean":1959.0275000000001,"median":1959.4874999999997,"geometricMean":1959.0266460070536,"standardDeviation":2.111912640238651,"values":[1958.3449999999998,1960.795,1956.3400000000001,1960.6299999999999]}