{"framework":"uhtml-v1.8.1-non-keyed","keyed":false,"benchmark":"05_swap1k","type":"cpu","min":46.961,"max":50.442,"mean":49.174200000000006,"median":49.286,"geometricMean":49.16257036397216,"standardDeviation":1.1227572014168223,"values":[46.961,48.244,48.362,48.855,49.113,49.459,49.499,50.395,50.412,50.442]}