{"framework":"vue-v2.6.2-non-keyed","keyed":false,"benchmark":"25_run-clear-memory","type":"memory","min":2.737934112548828,"max":2.744281768798828,"mean":2.7426185607910156,"median":2.7433204650878906,"geometricMean":2.74261752446841,"standardDeviation":0.0026645708186462413,"values":[2.7433204650878906,2.743274688720703,2.744281768798828,2.744281768798828,2.737934112548828]}