{"framework":"vue-composition-api-v3.0.0-rc.10-non-keyed","keyed":false,"benchmark":"25_run-clear-memory","type":"memory","min":2.9791297912597656,"max":2.982433319091797,"mean":2.980124664306641,"median":2.9798583984375,"geometricMean":2.980124425971091,"standardDeviation":0.0013327697350915615,"values":[2.9793128967285156,2.9798583984375,2.9791297912597656,2.982433319091797,2.979888916015625]}