{"framework":"vue-v2.6.2-non-keyed","keyed":false,"benchmark":"21_ready-memory","type":"memory","min":1.2454986572265625,"max":1.2455215454101562,"mean":1.245513916015625,"median":1.245513916015625,"geometricMean":1.2455139159875845,"standardDeviation":0.000009344061823971473,"values":[1.245513916015625,1.2455215454101562,1.2455215454101562,1.245513916015625,1.2454986572265625]}