{"framework":"vue-next-v3.0.0-rc.10-non-keyed","keyed":false,"benchmark":"22_run-memory","type":"memory","min":3.180347442626953,"max":3.183563232421875,"mean":3.181715393066406,"median":3.181560516357422,"geometricMean":3.181715224542977,"standardDeviation":0.0011578771918997373,"values":[3.183563232421875,3.181560516357422,3.1815452575683594,3.181560516357422,3.180347442626953]}