{"framework":"vue-v2.6.2-keyed","keyed":true,"benchmark":"24_run5-memory","type":"memory","min":5.384792327880859,"max":5.432548522949219,"mean":5.4002738952636715,"median":5.396633148193359,"geometricMean":5.400245483656004,"standardDeviation":0.01960563179073206,"values":[5.384853363037109,5.4025421142578125,5.384792327880859,5.396633148193359,5.432548522949219]}