{"framework":"vue-v2.6.2-keyed","keyed":true,"benchmark":"25_run-clear-memory","type":"memory","min":2.743518829345703,"max":2.744556427001953,"mean":2.743944549560547,"median":2.7435569763183594,"geometricMean":2.7439445040546824,"standardDeviation":0.0005587301021164945,"values":[2.744556427001953,2.7435569763183594,2.743518829345703,2.7435340881347656,2.744556427001953]}