{"framework":"vue-composition-api-v3.0.0-rc.10-keyed","keyed":true,"benchmark":"22_run-memory","type":"memory","min":3.5847816467285156,"max":3.5848121643066406,"mean":3.584790802001953,"median":3.5847816467285156,"geometricMean":3.5847908019811694,"standardDeviation":0.000013647875839232114,"values":[3.5847816467285156,3.5847816467285156,3.5848121643066406,3.584796905517578,3.5847816467285156]}