{"framework":"vue-v2.6.2-keyed","keyed":true,"benchmark":"34_startup-totalbytes","type":"startup","min":210.4814453125,"max":210.4814453125,"mean":210.4814453125,"median":210.4814453125,"geometricMean":210.4814453125,"standardDeviation":0,"values":[210.4814453125,210.4814453125,210.4814453125,210.4814453125]}