{"framework":"vue-next-v3.0.0-rc.10-keyed","keyed":true,"benchmark":"23_update5-memory","type":"memory","min":3.4653244018554688,"max":3.4709930419921875,"mean":3.469708251953125,"median":3.4708251953125,"geometricMean":3.4697075532614408,"standardDeviation":0.002461071682481036,"values":[3.4709701538085938,3.4653244018554688,3.470428466796875,3.4708251953125,3.4709930419921875]}