{"framework":"vue-composition-api-v3.0.0-rc.10-non-keyed","keyed":false,"benchmark":"24_run5-memory","type":"memory","min":3.716461181640625,"max":3.727569580078125,"mean":3.7215476989746095,"median":3.723247528076172,"geometricMean":3.7215451993271995,"standardDeviation":0.004822440946763189,"values":[3.723247528076172,3.716461181640625,3.727569580078125,3.7237319946289062,3.7167282104492188]}