{"framework":"vue-composition-api-v3.0.0-rc.10-keyed","keyed":true,"benchmark":"21_ready-memory","type":"memory","min":1.2495765686035156,"max":1.2496376037597656,"mean":1.2495948791503906,"median":1.2495765686035156,"geometricMean":1.2495948789118974,"standardDeviation":0.00002729575167846423,"values":[1.2495765686035156,1.2495765686035156,1.2496376037597656,1.2495765686035156,1.2496070861816406]}