{"framework":"vue-composition-api-v3.0.0-rc.10-keyed","keyed":true,"benchmark":"32_startup-bt","type":"startup","min":16,"max":63.35199999999999,"mean":27.837999999999997,"median":16,"geometricMean":22.569922586780116,"standardDeviation":23.675999999999995,"values":[63.35199999999999,16,16,16]}