{"framework":"vue-composition-api-v3.0.0-rc.10-non-keyed","keyed":false,"benchmark":"23_update5-memory","type":"memory","min":3.8651046752929688,"max":3.8810272216796875,"mean":3.871958923339844,"median":3.873699188232422,"geometricMean":3.871954566661168,"standardDeviation":0.006494814996374258,"values":[3.873699188232422,3.8661956787109375,3.8810272216796875,3.873767852783203,3.8651046752929688]}