{"framework":"vue-next-v3.0.0-rc.10-keyed","keyed":true,"benchmark":"21_ready-memory","type":"memory","min":1.2500839233398438,"max":1.2501373291015625,"mean":1.250103759765625,"median":1.250091552734375,"geometricMean":1.2501037595737896,"standardDeviation":0.000024485483605775773,"values":[1.250091552734375,1.2501373291015625,1.2501220703125,1.2500839233398438,1.2500839233398438]}