{"framework":"vue-v2.6.2-keyed","keyed":true,"benchmark":"23_update5-memory","type":"memory","min":5.135929107666016,"max":5.142215728759766,"mean":5.140316009521484,"median":5.141845703125,"geometricMean":5.140315431748526,"standardDeviation":0.0027244510720010645,"values":[5.141845703125,5.142215728759766,5.135929107666016,5.139373779296875,5.142215728759766]}