{"framework":"vue-composition-api-v3.0.0-rc.10-keyed","keyed":true,"benchmark":"02_replace1k","type":"cpu","min":179.129,"max":188.654,"mean":182.83020000000002,"median":181.916,"geometricMean":182.79956670024094,"standardDeviation":3.5419527821684937,"values":[186.236,180.564,182.388,181.88,180.082,179.373,179.129,188.654,188.044,181.952]}