{"framework":"vue-v2.6.2-keyed","keyed":true,"benchmark":"31_startup-ci","type":"startup","min":2254.745,"max":2260.58,"mean":2257.54875,"median":2257.4349999999995,"geometricMean":2257.5477925740606,"standardDeviation":2.4009143223641907,"values":[2257.765,2254.745,2260.58,2257.1049999999996]}