{"framework":"vue-composition-api-v3.0.0-rc.10-keyed","keyed":true,"benchmark":"25_run-clear-memory","type":"memory","min":2.98480224609375,"max":2.9896888732910156,"mean":2.9871726989746095,"median":2.9875640869140625,"geometricMean":2.987172176338899,"standardDeviation":0.0019756018457182355,"values":[2.9875640869140625,2.988201141357422,2.98480224609375,2.9896888732910156,2.985607147216797]}