{"framework":"vue-v2.6.2-non-keyed","keyed":false,"benchmark":"24_run5-memory","type":"memory","min":4.8559112548828125,"max":4.91278076171875,"mean":4.87342529296875,"median":4.858329772949219,"geometricMean":4.87337470861033,"standardDeviation":0.02485842451952351,"values":[4.883571624755859,4.856533050537109,4.8559112548828125,4.858329772949219,4.91278076171875]}