{"framework":"vue-composition-api-v3.0.0-rc.10-non-keyed","keyed":false,"benchmark":"34_startup-totalbytes","type":"startup","min":194.0126953125,"max":194.0126953125,"mean":194.0126953125,"median":194.0126953125,"geometricMean":194.0126953125,"standardDeviation":0,"values":[194.0126953125,194.0126953125,194.0126953125,194.0126953125]}