{"framework":"vue-v2.6.2-non-keyed","keyed":false,"benchmark":"22_run-memory","type":"memory","min":4.759685516357422,"max":4.760223388671875,"mean":4.759981536865235,"median":4.7599945068359375,"geometricMean":4.759981533771622,"standardDeviation":0.00019186827550359247,"values":[4.759685516357422,4.760223388671875,4.7599945068359375,4.7599945068359375,4.760009765625]}