{"framework":"vue-next-v3.0.0-rc.10-non-keyed","keyed":false,"benchmark":"21_ready-memory","type":"memory","min":1.2500839233398438,"max":1.2501068115234375,"mean":1.2500961303710938,"median":1.2500991821289062,"geometricMean":1.2500961303468812,"standardDeviation":0.000008698848152917008,"values":[1.2501068115234375,1.2500839233398438,1.2500991821289062,1.2500991821289062,1.250091552734375]}