{"framework":"vue-v2.6.2-keyed","keyed":true,"benchmark":"22_run-memory","type":"memory","min":4.763385772705078,"max":4.763877868652344,"mean":4.763642120361328,"median":4.7635498046875,"geometricMean":4.763642116152829,"standardDeviation":0.00022387430944514628,"values":[4.763877868652344,4.763519287109375,4.763385772705078,4.7635498046875,4.763877868652344]}