{"framework":"vue-composition-api-v3.0.0-rc.10-non-keyed","keyed":false,"benchmark":"22_run-memory","type":"memory","min":3.5761680603027344,"max":3.577411651611328,"mean":3.577147674560547,"median":3.5773963928222656,"geometricMean":3.577147640991198,"standardDeviation":0.0005478734030764486,"values":[3.5773963928222656,3.5773658752441406,3.5773963928222656,3.577411651611328,3.5761680603027344]}