{"framework":"vue-next-v3.0.0-rc.10-keyed","keyed":true,"benchmark":"22_run-memory","type":"memory","min":3.1876983642578125,"max":3.1891326904296875,"mean":3.1887283325195312,"median":3.1889419555664062,"geometricMean":3.1887282900208693,"standardDeviation":0.0005820133011245736,"values":[3.1889419555664062,3.1876983642578125,3.1889419555664062,3.1889266967773438,3.1891326904296875]}