{"framework":"vue-next-v3.0.0-rc.10-keyed","keyed":true,"benchmark":"25_run-clear-memory","type":"memory","min":2.6772537231445312,"max":2.6825523376464844,"mean":2.679024505615234,"median":2.6781349182128906,"geometricMean":2.6790238269783084,"standardDeviation":0.0021324693403527253,"values":[2.6781349182128906,2.6825523376464844,2.6794395446777344,2.6777420043945312,2.6772537231445312]}