{"framework":"vue-next-v3.0.0-rc.10-non-keyed","keyed":false,"benchmark":"23_update5-memory","type":"memory","min":3.4604225158691406,"max":3.4625473022460938,"mean":3.461708831787109,"median":3.462512969970703,"geometricMean":3.461708687410009,"standardDeviation":0.0011177564225659025,"values":[3.462512969970703,3.4605484008789062,3.4625473022460938,3.4604225158691406,3.462512969970703]}