{"framework":"vue-next-v3.0.0-rc.10-keyed","keyed":true,"benchmark":"34_startup-totalbytes","type":"startup","min":194.3544921875,"max":194.3544921875,"mean":194.3544921875,"median":194.3544921875,"geometricMean":194.3544921875,"standardDeviation":0,"values":[194.3544921875,194.3544921875,194.3544921875,194.3544921875]}