{"framework":"vue-composition-api-v3.0.0-rc.10-keyed","keyed":true,"benchmark":"24_run5-memory","type":"memory","min":4.337371826171875,"max":4.341835021972656,"mean":4.338980865478516,"median":4.338184356689453,"geometricMean":4.338980583585176,"standardDeviation":0.0017488616803862953,"values":[4.338138580322266,4.338184356689453,4.341835021972656,4.337371826171875,4.339374542236328]}