{"framework":"vue-next-v3.0.0-rc.10-non-keyed","keyed":false,"benchmark":"25_run-clear-memory","type":"memory","min":2.639881134033203,"max":2.679473876953125,"mean":2.6698875427246094,"median":2.6762313842773438,"geometricMean":2.6698446961854896,"standardDeviation":0.01686452336046771,"values":[2.6762313842773438,2.639881134033203,2.6786651611328125,2.679473876953125,2.6751861572265625]}