{"framework":"vue-v2.6.2-non-keyed","keyed":false,"benchmark":"23_update5-memory","type":"memory","min":5.1329193115234375,"max":5.138057708740234,"mean":5.135102081298828,"median":5.135021209716797,"geometricMean":5.135101691871819,"standardDeviation":0.0022359909116757034,"values":[5.138057708740234,5.1329193115234375,5.132987976074219,5.135021209716797,5.136524200439453]}