{"framework":"vue-v2.6.2-keyed","keyed":true,"benchmark":"21_ready-memory","type":"memory","min":1.2455329895019531,"max":1.2455482482910156,"mean":1.245539093017578,"median":1.2455329895019531,"geometricMean":1.2455390929951464,"standardDeviation":0.000008357582969744355,"values":[1.2455329895019531,1.2455329895019531,1.2455329895019531,1.2455482482910156,1.2455482482910156]}