{"framework":"vue-composition-api-v3.0.0-rc.10-keyed","keyed":true,"benchmark":"23_update5-memory","type":"memory","min":3.8773574829101562,"max":3.8828811645507812,"mean":3.8802284240722655,"median":3.879322052001953,"geometricMean":3.880227859904378,"standardDeviation":0.002339421375355875,"values":[3.8773574829101562,3.8791847229003906,3.879322052001953,3.882396697998047,3.8828811645507812]}