{"framework":"vue-composition-api-v3.0.0-rc.10-non-keyed","keyed":false,"benchmark":"21_ready-memory","type":"memory","min":1.24957275390625,"max":1.2496414184570312,"mean":1.2496017456054687,"median":1.2495880126953125,"geometricMean":1.2496017453595227,"standardDeviation":0.000027718966864906234,"values":[1.2496414184570312,1.2496185302734375,1.2495880126953125,1.24957275390625,1.2495880126953125]}