{"framework":"vue-next-v3.0.0-rc.10-non-keyed","keyed":false,"benchmark":"24_run5-memory","type":"memory","min":3.1420135498046875,"max":3.1446914672851562,"mean":3.1429176330566406,"median":3.142559051513672,"geometricMean":3.1429174851605968,"standardDeviation":0.0010780991833211503,"values":[3.1446914672851562,3.1431236267089844,3.142200469970703,3.1420135498046875,3.142559051513672]}