{"framework":"vue-next-v3.0.0-rc.10-keyed","keyed":true,"benchmark":"24_run5-memory","type":"memory","min":3.7858734130859375,"max":3.7941818237304688,"mean":3.7887901306152343,"median":3.78839111328125,"geometricMean":3.7887890543883906,"standardDeviation":0.0031936758508678263,"values":[3.787078857421875,3.7858734130859375,3.7941818237304688,3.7884254455566406,3.78839111328125]}